atr_14,atr_pct,bb_width,atr_ratio_5_14,rsi_14,rsi_3,macd_hist,adx,ema50_dist,ema_spread,ret_1,ret_3,ret_5,ret_13,vol_ratio,compression_depth,pre_move_ratio,session_minutes,is_pm,body_pct,range_pct,upper_wick_ratio,bb_pos,stoch_k,time_to_session_end,label,pnl,mfe,direction,session,exit_reason,date,time,bars_held,entry_price
4.294694795625214,0.0023052575392513226,0.0377533214589441,0.9963067849719355,18.296088685245614,19.072395987814772,-0.0009559684460185857,53.367297847519794,-0.027661257643949118,0.02300414707627409,0.0008595680670462604,-0.00427578834847675,-0.0036367525938602817,-0.02204724409448819,0.4222024779909232,0.0,-2.235316001914487,35,0,0.0,0.0,0.0,-0.755134659649183,5.776087118669207,115,1,6.903263010936862,18.59999999999991,BUY,AM,BE,2025-12-15,2025-12-15 09:35:00,6,1863.0
4.287936787410124,0.002280817440111768,0.030352875008255804,0.9338216445016236,41.372049260324935,71.89569739777775,0.0012764294775087395,45.60674927402941,-0.014740280417616793,0.016779154706566206,0.0005854489328862148,0.0021321961620469083,0.00912506709608159,-0.005291005291005291,0.4667799395399573,0.023321239318060977,-0.6763159402244047,90,0,0.0,0.0,0.0,-0.06355209410302837,59.20467782169908,60,1,17.04,18.0,SELL,AM,SESSION,2025-12-15,2025-12-15 10:30:00,7,1880.0
4.002674030020606,0.0021457457006650617,0.012072361145374765,0.907713996773291,35.61234459653274,36.5891811030128,0.0006148334934890277,43.92845909690797,-0.015698247062365604,0.014429565382049939,-0.0010710078183570739,0.0018259935553169124,-0.0028331640562356095,-0.0056503198294242584,0.8363833035585659,0.5246492680267291,-0.8244488497563698,20,1,-0.0011257639112254255,0.0028948214860084116,0.0,-0.42475597493679945,24.489795918367605,70,1,5.337325969979511,10.300000000000182,SELL,PM,BE,2025-12-15,2025-12-15 13:20:00,5,1865.4
4.959810652614219,0.0026173143285563158,0.021969320436112622,0.8985509959311406,51.37775009567274,11.740844333337863,-0.0008342861522999864,24.334056383474575,0.0021243035721785525,-0.005600513468168311,-0.0026840692595126096,-0.005249343832020997,-0.005771248688352571,-0.002631578947368421,0.8060510402604367,0.04032412001345846,0.987940940329526,15,1,-0.0005277044854881266,0.0005277044854881266,0.0,-0.20586575792808562,53.846153846153605,75,1,0.040000000000000036,5.0,SELL,PM,BE,2025-12-17,2025-12-17 13:15:00,2,1895.0
3.995026828455225,0.002110866970545929,0.01591990541889852,0.6549528487009091,51.67684138984116,77.75957049351476,-0.0003461310427726752,20.141049780001705,0.001135269692170898,-1.8927059517813384e-05,5.2840158520427507e-05,0.0013756613756613276,0.005632306057385712,0.0013756613756613276,0.15529646158391014,0.40049793623503355,-1.0012448405876408,20,1,0.0,0.0,0.0,-0.06965929893126221,64.5577667219459,70,1,0.040000000000000036,3.599999999999909,SELL,PM,BE,2025-12-18,2025-12-18 13:20:00,2,1892.6
4.340630942869105,0.002286829430940996,0.01338431194641354,1.0019152833147673,54.627384014558864,47.4944144529259,0.0005537919949364325,17.044503108542315,0.0032797808087840444,-0.0025799045781371385,-0.003517429651406996,0.0029060551622107156,0.0029060551622107156,0.004232580286757315,0.20799458405396448,0.0,2.810651299448184,65,1,0.0,0.0,0.0,0.4679085705084464,90.76305220883494,25,1,1.2993690571309253,6.600000000000136,BUY,PM,TRAIL,2025-12-18,2025-12-18 14:05:00,2,1898.1
4.35439557226954,0.0022644940310310156,0.018474309056241364,0.828533594168912,61.46815752774104,59.675623451830305,5.2203946769895265e-05,16.152209094123037,0.009437254827166872,-0.008304314521962505,0.00046826222684708164,-0.0010909090909090437,0.0007285974499089727,0.00934334155687375,0.2910825455255753,0.0,-0.6889589956193116,20,1,0.0,0.0,0.0,0.49118025327121245,87.21983746524624,70,1,0.54,7.099999999999909,BUY,PM,SESSION,2025-12-19,2025-12-19 13:20:00,6,1922.9
3.401671727581275,0.0017634379095807543,0.012587819495458046,0.6241589296192399,66.4861604019868,91.04443525607789,-2.9972643869473255e-05,18.739762267991484,0.010581859977919696,-0.008412717807429618,0.001557632398753894,0.002077922077922078,0.003172291850850231,0.0046875,0.28979267823918864,0.0,0.2939731050153508,75,1,0.0002592016588906169,0.0002592016588906169,0.0,0.7327132223531468,99.99999999999999,15,0,-5.559999999999909,1.0,BUY,PM,SESSION,2025-12-19,2025-12-19 14:15:00,1,1929.0
3.8157725607614323,0.001965575934044935,0.017049397200706893,0.8408167469748256,65.28311645862792,63.896267324247745,0.00019783858843059804,26.180221796560645,0.01196800067603862,-0.010405392335955325,5.15145270965944e-05,-0.0011319783895034966,0.005021743632222016,0.008467532467532443,0.5047100982701134,0.26207012710433963,-0.8648314194443087,90,0,0.0,0.0,0.0,0.6697030095911847,83.86704505037245,60,1,20.740000000000045,22.700000000000045,BUY,AM,SESSION,2025-12-22,2025-12-22 10:30:00,5,1941.3
3.5804797728551656,0.0018037681475340885,0.014828380042899466,0.9345550141816734,57.87772592859841,14.322649178908359,-0.0011883349910170487,47.769329834656034,0.01181457347509603,-0.014538034442493629,-0.0025626852921963265,-0.005062402887073284,-0.0030135610246107484,0.0019180294770845723,0.8460293037996103,0.027929217966338037,-1.4243901162813348,90,0,-0.0010579345088160752,0.0010579345088160752,0.0,-0.14287872678011837,50.75758654233954,60,1,4.54,5.5,BUY,AM,SESSION,2025-12-23,2025-12-23 10:30:00,3,1985.0
3.344062459179168,0.0016720312295895841,0.009770396933722707,0.9745591257148846,66.67300062699805,57.817069045389005,-0.00037102178907195336,41.35924730766301,0.014505241875032425,-0.013072379495793485,-0.001996007984031936,0.0015022533800701052,0.0047726701833710125,0.0045203415369161224,0.3703426061272108,0.17942248607018685,-2.0932623374858306,50,1,0.0,0.0,0.0,0.6705347115102636,92.9824561403509,40,0,-2.059999999999909,0.0,SELL,PM,SESSION,2025-12-23,2025-12-23 13:50:00,2,2000.0
2.949319075861257,0.0014798389743408214,0.010301932751022246,0.944185641856562,53.85950904147181,13.292342585133538,-0.0007359161081565607,36.91622338260636,0.008522745211844594,-0.01091946005279674,-0.0035,-0.0035,-0.0035,0.004030226700251889,0.46028336801171693,0.033906131357017436,-0.0,25,0,0.0,0.0,0.0,-0.22135530005691248,68.59649122807004,125,0,-5.38397861379186,5.0,SELL,AM,SL,2025-12-24,2025-12-24 09:25:00,3,1993.0
3.4420236876871475,0.0017232520715365711,0.009869634519643596,1.0370405413090342,54.96302247935708,49.17342690252763,-0.0006512315382585994,24.87758640022969,0.008112671875319067,-0.008197265949060286,0.0012030075187970382,-0.0028455893365282904,0.0008518314375908431,-0.0032934131736526494,1.0349158782334078,0.0,2.353266779939759,15,1,0.0,0.0,0.0,0.0487090316431204,54.58333333333345,75,0,-5.090428425224636,4.900000000000091,SELL,PM,SL,2025-12-24,2025-12-24 13:15:00,4,1997.4
4.322977194602902,0.002152341147424895,0.00962506195485638,1.3098949867341343,62.351616896004316,76.918333556358,-4.4979897106403016e-05,20.06676029214984,0.011689847714312262,-0.007524302754311151,0.005255255255255256,0.005204944697462635,0.008030112923462986,0.007777220270948319,0.43932485737107385,0.693966186947598,-0.7170983931791636,20,0,0.0,0.0,0.0,1.0365993888455525,88.5209713024286,130,1,16.54,17.5,BUY,AM,SESSION,2025-12-25,2025-12-25 09:20:00,5,2008.5
4.942077898161446,0.0024611941723911585,0.023448960930846075,1.1805063155905584,52.845172528619244,25.603507582980445,0.0001024129756548729,22.476470849904743,0.007415483467326227,-0.010059686585287773,-4.9798316816846303e-05,-0.007071156603866862,-0.005940594059405941,0.005306898968659211,0.4214158006966789,0.0,2.87328534527607,20,1,0.0,0.0,0.0,0.1235712885479891,64.27860696517406,70,0,-1.2599999999999545,0.0,SELL,PM,SESSION,2025-12-25,2025-12-25 13:20:00,1,2008.0
4.85480884482632,0.0025276247434926433,0.012260219000170127,0.756566912888309,37.879210595873694,54.76373040260609,0.00105346714328703,29.55157630309596,-0.014445731232575738,0.014332695556680212,0.0024007097750640034,-0.0020782459604094146,-0.0033210523584660183,-0.004818652849740909,0.20598465767241447,0.22657946690777714,-1.83323386861764,20,1,0.0,0.0,0.0,-0.35551398425465813,11.031175059952341,70,1,21.88519115517378,27.700000000000045,BUY,PM,TRAIL,2025-12-26,2025-12-26 13:20:00,3,1920.7
4.056768238721444,0.0020513593440136756,0.01752690883869995,0.7199664333182438,55.071758714901556,41.857384714573094,-0.0009436158480205074,30.6778321272413,0.005659460544043133,-0.006485737732319837,0.000708430320817662,5.0568900126376255e-05,-0.0035773668564519252,-0.0038283296393311185,1.119038606615243,0.5916039218342158,0.32045212432684356,90,0,5.056634304202521e-05,5.056634304202521e-05,0.0,-0.0002885061802021443,23.602175602175496,60,1,2.639999999999909,3.599999999999909,SELL,AM,SESSION,2025-12-30,2025-12-30 10:30:00,3,1977.6
3.956712246619195,0.0019943106081749973,0.011657116494871472,0.933344056500522,60.25452160910402,79.68793432548499,-0.0007941063249998801,26.962391384970186,0.008023163178987927,-0.005335601405102769,0.005065856129685917,0.003794586390083481,0.003946968930270193,0.0011101019275406427,0.9853325545268196,0.2527350834912112,0.6318377087280279,25,1,0.0,0.0,0.0,0.3296746551645741,23.05555555555563,65,0,-5.708054695942983,0.5,SELL,PM,SL,2025-12-30,2025-12-30 13:25:00,2,1984.0
4.228496631829663,0.002108975876224271,0.02333439274969903,0.9591127574066695,66.86201649506765,62.40590704839391,0.0007281490021411601,31.650100857916243,0.01320801923238991,-0.010781811952232547,-0.0015934667861766982,0.0,0.007031642390758413,0.014676113360323886,0.516183731817331,0.11824533481623016,0.6385248080076535,105,0,0.0,0.0,0.0,0.7285879288063102,96.35199108883323,45,1,4.04,4.0,BUY,AM,SESSION,2025-12-31,2025-12-31 10:45:00,1,2005.0
3.2760741677322613,0.0016268928677222333,0.021562306380599146,0.7769297564924504,66.74194526324199,41.40852647458363,2.7023157083236106e-05,37.37556428633476,0.012197614474161952,-0.011829898411974484,-0.0011904171420067773,-9.93097969114879e-05,-0.0001489572989076239,0.008362543815723609,2.40349215077841,0.6104867892488601,0.6715354681736907,70,1,-0.0006952376222872641,0.0011918359239211852,0.04166666666672193,0.44384551433541525,93.25355648908761,20,1,5.339999999999955,3.5,BUY,PM,SESSION,2025-12-31,2025-12-31 14:10:00,1,2013.7
3.766711240033564,0.0018756653919099512,0.014252245054517417,1.0575478008475767,55.016879425416136,41.453797735901595,-0.0009751116504923489,31.956053377431857,0.007534982942611663,-0.008698764871079703,0.0015960099750623668,-0.005841584158415819,-0.002731290658985946,-0.00039820806371326756,0.3943360002712908,0.5309671680545861,3.45128659235481,95,0,0.0,0.0,0.0,-0.08205850239318792,7.111111111111288,55,1,0.040000000000000036,3.2000000000000455,SELL,AM,BE,2026-01-01,2026-01-01 10:35:00,2,2008.2
3.3397570886494163,0.0016582706497762743,0.009070978536385844,0.8542686576718116,60.029894135862314,78.84049699552452,-0.0006758844335288324,26.70371888332836,0.008867029348207172,-0.007255950510824928,0.001342415353254137,0.0024888003982080635,0.002888158549945202,4.9654898455687496e-05,0.9195728668796264,0.5988459480473148,1.2875187883017134,15,1,0.0007447864945382324,0.0007447864945382324,0.0,0.2707361791908792,45.111111111111086,75,1,5.04,3.2000000000000455,BUY,PM,SESSION,2026-01-01,2026-01-01 13:15:00,6,2014.0
3.0182814986239057,0.0014988734660693775,0.008893863730158248,0.8331122730838432,56.880832489839264,39.92286732596944,-0.0003253671312264572,25.340492594528104,0.006994572388536548,-0.0071012407545143616,-0.0011904171420067773,-9.93097969114879e-05,-0.0001489572989076239,-0.0031188118811880964,2.260837889200938,0.6626287180012334,0.7288915898012964,70,1,-0.0006952376222872641,0.0011918359239211852,0.04166666666672193,0.08993200665610014,70.44444444444461,20,1,5.339999999999955,3.5,BUY,PM,SESSION,2026-01-01,2026-01-01 14:10:00,1,2013.7
3.588741098330612,0.0017870436701178229,0.010562447490847367,1.1071886557696324,48.90810664709841,41.35345380843372,-0.0008223336599783191,21.09630745318318,0.0032635394466675976,-0.004562714273379147,0.0015960099750623668,-0.005841584158415819,-0.002731290658985946,-0.00039820806371326756,0.3777400673551311,0.5572984913652165,3.6224401938739073,95,0,0.0,0.0,0.0,-0.3421192321133209,7.111111111111279,55,1,0.040000000000000036,3.2000000000000455,SELL,AM,BE,2026-01-02,2026-01-02 10:35:00,2,2008.2
3.216893349167143,0.001597265813886367,0.009070978536385733,0.885870871137523,55.51757041274416,78.81744266535424,-0.00034582972982000963,16.720042355693824,0.005380031479552501,-0.003807378275505746,0.001342415353254137,0.0024888003982080635,0.002888158549945202,4.9654898455687496e-05,0.8918732963945439,0.6217178448013523,1.3366933663228933,15,1,0.0007447864945382324,0.0007447864945382324,0.0,0.27073617919088255,45.111111111111065,75,1,5.04,3.2000000000000455,BUY,PM,SESSION,2026-01-02,2026-01-02 13:15:00,6,2014.0
2.933461099341628,0.001456751799841897,0.00889386373015828,0.8568331699176248,53.31272181977466,39.91948302158299,1.5949221318781386e-05,15.99210264148851,0.00413931083376077,-0.004256917841093315,-0.0011904171420067773,-9.93097969114879e-05,-0.0001489572989076239,-0.0031188118811880964,2.231324480939514,0.6817884854341073,0.749967333977456,70,1,-0.0006952376222872641,0.0011918359239211852,0.04166666666672193,0.08993200665609984,70.4444444444446,20,1,5.339999999999955,3.5,BUY,PM,SESSION,2026-01-02,2026-01-02 14:10:00,1,2013.7
3.1453790727378212,0.0015551936082758078,0.010314396470805402,1.0575272821259671,61.549748247319954,75.10308719581799,0.00028376877082350187,16.931451739887528,0.007457858912394707,-0.004998257471496731,0.002726822012890431,0.0026274043228236934,0.003174445712018298,0.008728179551122194,0.7474309851755042,0.6358534070932019,0.06358534070933465,15,0,0.0012360939431396785,0.0012360939431396785,0.0,0.8584945743833127,93.33333333333337,135,1,7.376552318155555,16.200000000000045,SELL,AM,SL,2026-01-05,2026-01-05 09:15:00,15,2022.5
3.012476790612466,0.0015015086430805295,0.008600953977985153,0.9441378038052436,40.72225927728829,7.78406426712746,-0.0007210084773022642,14.97106871562965,-0.0012118624952144276,-0.0016850466707048568,-0.001642117834394882,-0.0021882926344059736,-0.006683830082186355,-0.00525559026228377,0.3995411599331344,0.16597638247640908,-0.3651480414481453,70,0,0.0,0.0,0.0,-0.9453707428203029,1.7541775560308626,80,1,4.2400000000000455,8.299999999999955,BUY,AM,SESSION,2026-01-05,2026-01-05 10:10:00,10,2006.3
2.5937026045294336,0.001284456298979564,0.00890619243992904,1.0139220244799074,57.380529542964275,45.652572737193026,0.0004707968920537519,14.686607374642273,0.0035722987831119384,-0.0031790838280034706,-0.0015822002472188111,-0.0002970444081390843,0.002233472304943419,0.004626865671641768,0.41738097438663013,0.038554921379769784,-1.0409828772523815,55,1,0.0,0.0,0.0,0.6071662282358505,89.27825261158584,35,1,15.446297395470573,19.0,SELL,PM,TRAIL,2026-01-05,2026-01-05 13:55:00,1,2019.3
3.986804003919125,0.0019417514143381673,0.024714337615350492,0.7510150215345772,64.05703852140185,43.73235787478757,0.00022282084058521204,28.650555137974823,0.010083413591207447,-0.00959428858222101,-0.0010217486498323182,-0.001361867704280244,0.0013167520117043736,0.00983671060397392,0.6301183277494403,0.47657221125802646,0.07524824388288831,15,0,0.0004383401519577422,0.0004383401519577422,0.0,0.42891717781284444,92.11149812627976,135,1,0.040000000000000036,5.300000000000182,BUY,AM,BE,2026-01-07,2026-01-07 09:15:00,2,2053.2
4.808069855000038,0.002323974022427395,0.011389845693848141,0.9951475081362919,65.61046188766198,82.13358873287727,0.0001181868506529846,26.586676994837088,0.01337378606206971,-0.009467445286233453,0.0018886198547215937,0.006812983600175191,0.005980744918798105,0.006274319066147904,0.5161251167086593,0.0,-2.100635037466574,20,1,0.0,0.0,0.0,1.151169553108528,100.0,70,0,-6.729683825999891,0.8000000000001819,SELL,PM,SL,2026-01-07,2026-01-07 13:20:00,3,2068.9
3.956542438925268,0.0019067674404459123,0.016734277161499743,0.7271700564685527,68.43216844967998,84.46955671402627,0.0003748085904224135,29.123176789706964,0.013489312976404896,-0.011095870157182233,0.00024102193299590263,0.001302900159243265,0.002948426700178795,0.014669926650366748,0.47924397965536336,0.5813156399821002,1.1373566869214105,55,1,0.0,0.0,0.0,0.8068825921106318,99.44444444444444,35,1,5.083457561074774,10.0,BUY,PM,BE,2026-01-07,2026-01-07 13:55:00,4,2075.0
3.749428226024223,0.0017982869189564618,0.008613137979384528,1.2451103560008199,45.980329489569634,8.87069401518929,-0.0007938570974055258,37.16766341537519,0.004046884382131089,-0.008857061795540484,-0.006669842782277275,-0.007379195429659605,-0.007095575979808606,-0.005675044112737894,0.38962037487893264,0.6667683308745244,-1.066829329399239,55,1,0.0,0.0,0.0,-0.995248555848371,51.282051282051306,35,1,0.040000000000000036,3.800000000000182,BUY,PM,BE,2026-01-08,2026-01-08 13:55:00,2,2085.0
3.808215434518338,0.0018353729984665948,0.01834463181797572,0.997320293102464,40.098781952245524,32.74549899026694,-0.0014820327822100802,27.936377728000465,-0.0010725262388473348,-0.0011663451499168357,-0.0012515042117929767,0.0016896784783238389,-0.002931283037001398,-0.011905328825182152,0.4657272926969406,0.6302164468548882,-0.9715836889012014,25,0,0.0,0.0,0.0,-0.7151321276881553,17.299578059071425,125,1,6.04,7.0,SELL,AM,SESSION,2026-01-09,2026-01-09 09:25:00,4,2074.9
3.7036838698515884,0.0017892192607978689,0.016060654366682043,0.9603024102777381,41.903856998687026,31.002895281124985,-0.00011207521050725574,23.556713358299262,-0.0025480971838794577,0.001181858845170236,-0.0024096385542168677,-0.0026499638641291254,0.004513029553064581,-0.0006758713913295795,0.44555272587639677,0.027000144589654444,0.1350007229477811,70,1,0.0,0.0,0.0,-0.38801219853263186,67.20678594825543,20,1,8.139999999999908,20.0,SELL,PM,SESSION,2026-01-09,2026-01-09 14:10:00,2,2070.0
4.344920076249482,0.002108263417074813,0.01487747679907361,1.0218473848647731,40.22183111266228,47.19244660592491,-0.0005086526770238534,24.548964729360133,-0.005513690718287706,0.0044464408004217006,-4.852013585633627e-05,0.005317073170731752,-0.004396135265700439,-0.004396135265700439,0.5084477727895144,0.0,-2.5316921386262083,25,0,0.0,0.0,0.0,-0.5372915994264548,42.377260981912116,125,0,-1.46,0.20000000000027285,SELL,AM,SESSION,2026-01-12,2026-01-12 09:25:00,2,2060.9
3.8627297610793465,0.0018552085687908106,0.017128144388124825,0.8472217816418138,60.4447097175412,96.67462170506586,0.0013931614847606986,19.661065694705943,0.004663406915599974,-0.0010149632688799945,4.8030739673347284e-05,0.0024554646124217185,0.008232046874243379,0.0058454106280192795,0.9940005374630128,0.05177685532521771,1.29442138313162,90,0,0.0,0.0,0.0,0.7702773776666265,100.00000000000004,60,1,2.940000000000091,4.900000000000091,BUY,AM,SESSION,2026-01-13,2026-01-13 10:30:00,2,2082.1
3.879774305571846,0.0018688700893891358,0.02153018560755037,1.0031131777592632,49.80153682842069,24.44079310263827,0.00044466956011907376,18.802247801354895,0.0006182596900943998,-0.0023456574053226337,-0.002114977888867569,-0.0012988887285321684,-0.005270723526593196,0.007082565246919525,1.0585982500296363,0.5928179885867683,-0.4381698176512119,25,0,0.00043352601156073744,0.00043352601156073744,0.0,0.17079597191260673,66.2781139302728,125,1,7.639999999999909,2.400000000000091,SELL,AM,SESSION,2026-01-14,2026-01-14 09:25:00,3,2076.0
4.262204090146192,0.0020590357923411557,0.014415940825268533,1.1312175908926694,45.76599680871782,46.26438142350213,-0.0006203302443897381,15.255846181329277,-0.0019442279134498518,0.0007331231080030009,0.002421307506053269,-0.004807692307692308,-0.0017361111111110674,-0.005811440372700595,1.2189267677606896,0.0,3.5193058996584803,25,1,0.0004830917874396135,0.0004830917874396135,0.0,-0.4019686185227304,6.915629322268388,65,1,22.77779590985373,28.0,SELL,PM,TRAIL,2026-01-14,2026-01-14 13:25:00,3,2070.0
4.016966046585403,0.0019385030627282133,0.009030577616520128,0.736591973780054,45.452304369793254,13.108455374595563,-0.0012519799490335714,13.276115101418553,0.00018014473376224785,-0.0030599966689737117,-0.0013493975903615335,-0.004420101854521127,-0.00432442821449164,-0.007614577845888651,0.7301990184173848,0.0,-1.593242244464668,25,1,-0.0010134156934660573,0.0010134156934660573,0.0,-1.1456387302561868,5.0922229396140515e-14,65,1,9.840000000000181,7.700000000000273,BUY,PM,SESSION,2026-01-19,2026-01-19 13:25:00,5,2072.2
3.2276445130688716,0.0015442536304812553,0.015612722237577875,0.8167025545300243,58.157771616911994,28.23966443437296,0.0003077828826926514,19.339184725785678,0.005663515332037024,-0.005974591464473573,-0.0009082217973231792,-0.0028148854961832495,-0.0018624641833811322,0.00863816233954256,0.4828098361793401,0.5886645794810764,0.9604527349427348,40,0,0.0,0.0,0.0,0.37711647750811617,80.68783068783046,110,1,7.139999999999909,8.799999999999727,SELL,AM,SESSION,2026-01-20,2026-01-20 09:40:00,7,2090.1
2.8749955639593456,0.0013802849699742405,0.014909281992315606,0.7658185179991978,48.383788396040465,15.809026994732333,-0.0005817633590439172,14.754263560233182,0.0017223190175671365,-0.003139543975893413,-0.0005278310940498604,-0.0005278310940498604,-0.0034448112530500066,0.0020687000865968353,1.1463367455947775,0.0,-0.0,105,0,0.0007681597772336209,0.0007681597772336209,0.0,-0.11807514227021872,29.33533369703602,45,0,-0.059999999999909015,0.900000000000091,SELL,AM,SESSION,2026-01-20,2026-01-20 10:45:00,2,2082.9
3.0456541103249384,0.0014571810489091136,0.011847751825250639,1.099713353511615,58.47270722315036,80.98122016252039,-0.00040857415641198664,13.55850907641801,0.004845154835929319,-0.002369997280037695,0.004855769230769187,0.0036012676462114667,0.0029270633397312424,-0.0026721381877176644,0.6671057556014868,0.0,-0.8536754029900385,25,1,0.0,0.0,0.0,0.2872060632361214,20.79793436614965,65,1,11.294345889675277,15.300000000000182,BUY,PM,SL,2026-01-20,2026-01-20 13:25:00,4,2090.1
3.535422650504427,0.00168578230521859,0.014056488530290706,1.1612874231585304,59.568545598424116,47.58800909865176,0.0005767624756097381,18.541554801744617,0.006505891950155752,-0.005689624241318042,-0.00133333333333342,-0.00133333333333342,0.003396966652313243,0.0060925881506355565,1.0649071660700316,0.2828516131889697,-0.0,55,1,0.0,0.0,0.0,0.4321196356618132,82.15223097112823,35,1,12.704577349495175,17.199999999999818,SELL,PM,TRAIL,2026-01-20,2026-01-20 13:55:00,1,2097.2
4.320895229459924,0.002097420139536879,0.02744938363133939,0.9871613557445418,35.94565722189429,13.346571895714767,-0.00038199652479571525,22.269661420985972,-0.00835388620442259,0.004340630746409571,-0.004445947905088809,-0.006270802180309681,-0.002807493102279966,-0.014306220095693824,0.6515927997484472,0.20829016956102606,0.8794473825912913,30,1,0.0,0.0,0.0,-0.5944195246977307,22.1561561561563,60,1,4.139999999999909,5.099999999999909,SELL,PM,SESSION,2026-01-21,2026-01-21 13:30:00,1,2060.1
4.462747230251628,0.0021388675917812737,0.022233557037066046,0.8291186240700351,54.415673981352896,47.04551921442807,0.0006934394022675461,16.117039124163867,0.002965026941347392,-0.002655248114584414,-0.00023957834211787255,0.0016802688430148825,-0.0001916718577795251,0.008311989561687438,0.6666622594885556,0.0,-0.8963088863481214,90,0,0.0,0.0,0.0,0.3675201066173735,92.12962962962966,60,1,0.54,1.5,SELL,AM,SESSION,2026-01-22,2026-01-22 10:30:00,1,2086.5
4.08336576707829,0.00196315661878764,0.019708284847859314,0.784273407368094,48.358046820651154,16.66602846263648,4.196895416998205e-05,13.67326151154689,-0.0002732147030336854,-0.0016150415634139281,-0.0013922895962360606,-0.003115264797507788,-0.0052606408417025345,-0.0006246096189882198,1.7392019598490651,0.09795840559399531,-0.881625650345735,40,1,0.0004807692307692308,0.0004807692307692308,0.0,-0.029264682809784247,56.388888888889,50,1,4.956634232921751,10.0,BUY,PM,BE,2026-01-22,2026-01-22 13:40:00,3,2080.0
4.389588886132189,0.0021002817636996116,0.009544165933570688,0.7812270844172893,55.16199243256277,62.57432613973708,0.000269871698555615,13.238570445806229,0.003546909382328122,-0.0025704541781898732,-4.784460073676334e-05,0.0,0.0014374700527072352,0.0016774502755811168,0.5997380165129019,0.6378729472470835,0.02278117668737364,40,0,0.0,0.0,0.0,0.4008192065682689,84.94152046783547,110,1,0.040000000000000036,4.0,BUY,AM,BE,2026-01-23,2026-01-23 09:40:00,2,2090.0
4.132603727757312,0.0019774169710308205,0.010196328116048078,0.818455786626759,53.993742618008234,64.18072342530998,-6.444673506907733e-05,12.004526117727549,0.002926916094116834,-0.0020452608200577788,0.0006703375628441901,0.0035534213685474627,-0.001957975167144178,0.005533102386451116,0.6297385905757078,0.0,1.4518691835125672,20,1,0.0,0.0,0.0,0.3299877492774719,73.76811594202913,70,0,-5.919124473308748,0.09999999999990905,BUY,PM,SL,2026-01-23,2026-01-23 13:20:00,2,2089.9
4.120660543021862,0.0019795640579467057,0.010497040287576205,0.9160962263474675,46.615085885847286,34.759985062687996,-0.00044921628842765015,9.894565671815633,-0.001046404737863709,-0.00044743665017532726,-0.0016785765670711238,0.001250601250601207,-0.003971481889085689,-0.004495456719273119,1.191778267826691,0.5338949852895335,-1.480345186484716,55,1,-0.0006725595695619192,0.0006725595695619192,0.0,-0.41418847812952553,29.333333333332945,35,1,5.419339456977959,10.5,SELL,PM,TRAIL,2026-01-23,2026-01-23 13:55:00,3,2081.6
4.200597947344655,0.0020391252171575998,0.0167234365075558,0.9354778972443758,30.61404247536616,6.453747528230297,-0.0009247236487966582,18.742338500239438,-0.009302375723737913,0.005143394863804459,-0.002904162633107454,-0.004205539710929481,-0.003723944479373129,-0.012037791952424302,0.9206945427661297,0.35709201851803085,0.6427656333324122,70,0,0.0,0.0,0.0,-1.0168165070842596,9.455128205127762,80,1,1.54,6.0,SELL,AM,SESSION,2026-01-26,2026-01-26 10:10:00,4,2060.0
3.996859720260527,0.0019478823140798903,0.021408118696532585,0.8814136292881818,32.77054656803974,37.33421907487562,-0.0006877408344955479,28.226886679825146,-0.010282123257052916,0.0083645032262252,0.0009268292682927273,-0.0027217496962332484,-0.0029640427599610833,-0.00874396135265696,0.5312291104841771,0.2501964216884792,1.8764731626635944,15,1,0.0,0.0,0.0,-0.6604868818471477,3.089430894309108,75,0,-0.96,16.90000000000009,SELL,PM,MAX_HOLD,2026-01-26,2026-01-26 13:15:00,8,2051.9
3.29066212632847,0.0016178279873787955,0.02004412346305242,0.8052855746977075,25.09082545142995,19.552347681566417,-0.0002861962962398127,38.214139642882486,-0.0137962357347159,0.011292676305991768,-0.0014727540500736377,-0.0004914004914004914,-0.0029411764705882353,-0.011421628189550425,1.0879549670858029,0.30389020859936844,-0.30389020859936844,70,1,-0.0004916420845624386,0.0004916420845624386,0.0,-0.7212673942514803,7.310789049919502,20,1,0.8399999999999546,1.7999999999999545,SELL,PM,SESSION,2026-01-26,2026-01-26 14:10:00,1,2034.0
3.11388724157914,0.001533934601763123,0.018433710182299626,0.7784323472657427,22.593623157550372,9.4321901012777,-0.00024938115842856293,40.2846928919588,-0.014620251382297812,0.011723457889484994,-0.0010825706131286515,-0.003436426116838488,-0.002457002457002457,-0.00975609756097561,0.5642052750359278,0.32114200753553035,-1.5414816361705312,25,0,0.0,0.0,0.0,-0.8060894229185332,1.7171449447535753e-14,125,0,-5.630830862368803,2.0,BUY,AM,SL,2026-01-27,2026-01-27 09:25:00,2,2030.0
3.29635891218623,0.0016218248030436555,0.016453876374798258,0.9632567940303484,35.595975911107665,66.01835661038876,0.00026028716158891206,41.422318926242234,-0.01068748052238326,0.01114252313463093,0.0018237381703470256,0.0036045822634801277,0.0012315270935960591,-0.006112469437652812,0.6498451887652159,0.6067300476917875,1.6988441335369775,95,0,0.0,0.0,0.0,-0.3521204042220749,27.97858099062917,55,0,-2.2599999999999545,2.5,BUY,AM,SESSION,2026-01-27,2026-01-27 10:35:00,3,2032.5
3.070540343276541,0.0015163162189019955,0.010892846155869346,0.9300195934664603,30.292590947132858,14.853346618701,0.00043835767050324576,38.540421173457965,-0.012323611155690159,0.009788252546061554,-0.0016269782576541708,-0.004914004914004914,-0.0036900369003690036,-0.005891016200294551,0.7537616215999878,0.0,2.182026370267634,15,1,0.0,0.0,0.0,-0.7872523234339799,33.85233059146084,75,0,-4.644648411931903,0.0,SELL,PM,SL,2026-01-27,2026-01-27 13:15:00,2,2025.0
3.965186771557491,0.0019501238241073579,0.008449338639972645,1.1863237027885876,49.59491088460409,76.33736887114348,0.0006229273842919601,30.78420085316507,-0.004863891197300234,0.007485029816756595,0.0031080414405525183,0.006584158415841561,0.004098765432098743,-0.0008353808353808577,0.5929519565362412,0.2521949299268969,-1.5131695795613815,20,0,0.0,0.0,0.0,0.49696553329352505,53.77777777777791,130,1,36.339999999999954,36.09999999999991,SELL,AM,SESSION,2026-01-28,2026-01-28 09:20:00,9,2033.3
4.409365502416946,0.002193714180306938,0.012051194076595752,1.2545508182439953,31.97705776770347,10.8275719004196,-0.00011121972568758569,28.37812182136584,-0.014569828816953663,0.008438435910456002,-0.00706417033048459,-0.006426099851705388,-0.011459204249249965,-0.007407407407407408,2.6548917131991145,0.0,-0.2948269993239104,105,0,-0.0009950248756218905,0.0009950248756218905,0.0,-1.4133703466213887,18.444444444444375,45,1,13.04,12.799999999999955,SELL,AM,SESSION,2026-01-28,2026-01-28 10:45:00,4,2010.0
4.0596386416262495,0.0020242526260913734,0.024767168059820703,0.9832790684569638,36.79709077492724,60.019830976407164,-0.0005187235044007809,32.529767719425614,-0.012408421226781553,0.012070522413684457,0.00014961101137041417,0.004155818145403542,4.9865363518454695e-05,-0.010606808090774543,0.39015457898808636,0.6897165603089992,1.2809021834310304,15,1,0.0,0.0,0.0,-0.48747084220309855,16.711349419124314,75,1,9.180361358373865,14.200000000000045,BUY,PM,BE,2026-01-28,2026-01-28 13:15:00,5,2005.5
4.485549194839458,0.0022338392404578976,0.02159709262245424,1.1662596789146122,41.97951786794971,34.43762032326585,0.000772340968502481,25.670236125839594,-0.009579894461913489,0.008045983149864547,-0.004906090490113529,-0.0009950248756218905,0.0012465719272001994,-0.008052166180902019,0.478758133815328,0.22293814125380268,-1.984149457158864,50,1,0.0,0.0,0.0,-0.2738209723019387,67.84452296819819,40,1,2.04,6.599999999999909,SELL,PM,SESSION,2026-01-28,2026-01-28 13:50:00,3,2008.0
4.341292056189614,0.0021586654349309404,0.014237714696863048,0.9873479661819288,47.374939808042825,54.58299406244136,0.0007479034917277357,20.565769719126926,-0.0059978046100757345,0.00660596637008255,-0.0007453045811388254,0.003042394014962548,0.0045454545454545,0.007565130260520997,1.0422584542064712,0.0,1.750630895510515,30,0,0.00034806822137129834,0.00034806822137129834,0.0,0.1937467396445905,71.30801687763677,120,1,0.040000000000000036,3.900000000000091,BUY,AM,BE,2026-01-29,2026-01-29 09:30:00,3,2011.1
3.456079779665491,0.0017185876577153114,0.012866961284457584,0.6574328479551551,47.09192281827733,37.33890967793775,0.0006201188633851612,15.464871298339089,-0.005101738137084105,0.004832207554728592,0.0,-0.0019851116625310174,-4.9724031624438894e-05,-0.004307570431252189,1.1193772734471965,0.0,1.1573806899756098,65,0,0.0,0.0,0.0,0.155902240950286,54.28051001821462,85,0,-0.96,0.0,SELL,AM,SESSION,2026-01-29,2026-01-29 10:05:00,2,2011.0
3.671519538396139,0.0018257183184466133,0.009745872028101154,1.0378996098604625,47.41465979232943,39.84238741537352,0.0005301460565577777,13.4669612191636,-0.004497208587350503,0.0037109974317816982,-0.00396235760277365,0.0,0.0,0.004796642350354706,0.5994331152913935,0.0,2.1789343394028915,30,1,0.0,0.0,0.0,-0.03979033647627379,75.04456327985731,60,0,-0.6600000000000454,3.0,BUY,PM,SESSION,2026-01-29,2026-01-29 13:30:00,2,2011.0
4.336617004763118,0.002142385636183736,0.013900088038618415,1.2342985125476467,57.78199443582669,59.75236474370412,0.0010550836672755574,13.709876531135643,0.001999659004848125,0.0003086159341564544,-0.0028571428571428346,0.006413762243325258,0.0065638985579314,0.004665475481437409,0.6776550126558807,0.6226051313810981,3.6895118896657046,25,0,0.0,0.0,0.0,0.7847359497795253,89.8245614035089,125,1,4.139999999999909,7.2000000000000455,BUY,AM,SESSION,2026-01-30,2026-01-30 09:25:00,8,2024.2
3.507547706218982,0.0017280262618085437,0.015193687441491069,0.8336987549731246,61.74221364885181,75.28718103320796,0.0008445790685995157,15.796132689955655,0.004084594306435847,-0.0020163911005078748,0.0012825572217836962,0.0010850266324719104,0.0027665250469320764,0.009348582794629514,1.3753579084273138,0.0,-0.1140397889074045,90,0,-4.9265937530858425e-05,4.9265937530858425e-05,0.0,0.7493745926061319,91.92982456140372,60,0,-1.46,1.6000000000001364,BUY,AM,SESSION,2026-01-30,2026-01-30 10:30:00,3,2029.8
3.2193164939124013,0.0015843092981852368,0.015363391287129387,0.8803872164923722,60.91292827400827,70.39744979522537,0.0002470763480230918,16.386345012352205,0.004318800698996819,-0.00273417979642883,0.0022689158528163703,0.0009852216748768472,0.00029536280397750764,0.003952569169960474,0.7616459387464535,0.0,-0.8076248498451162,15,1,0.0,0.0,0.0,0.551683406155607,89.88391376451067,75,1,3.8206835060875983,8.0,BUY,PM,TRAIL,2026-01-30,2026-01-30 13:15:00,2,2032.0
3.9860226722923997,0.0019960053441624437,0.031246657811043896,0.8768060825573484,34.15669920706468,35.88455849932253,-0.0016319954766256643,24.718001367373425,-0.009990748582297336,0.00754602063952349,0.0010025062656641604,-0.0009505227875331887,-0.0015,-0.015916818607401545,0.6106013203600611,0.627191615686979,0.3512273047847311,100,0,0.00100150225338007,0.00100150225338007,0.0,-0.6351450105156998,3.602693602693611,50,1,0.6399999999999091,12.0,SELL,AM,SESSION,2026-02-02,2026-02-02 10:40:00,6,1997.0
4.243458279797026,0.0021048900197405884,0.02268502096490243,0.8571317225438336,59.18306551169137,44.44040588313263,0.0010949576519633355,20.319379904799376,0.003939984208869761,-0.0033804305762757504,0.00024807740014884643,-0.0039033549088394143,-0.0009910802775024777,0.008,0.3706745029110671,0.0,1.979517517585181,60,0,0.0,0.0,0.0,0.502708020864958,75.63395544852483,90,1,0.54,7.2999999999999545,SELL,AM,SESSION,2026-02-03,2026-02-03 10:00:00,8,2016.0
2.9305843123373707,0.0014543842741128392,0.012893512169149697,0.5207835835682025,57.213207156424005,73.39597936354217,-8.36270336770225e-05,15.208934323808252,0.002721917145023579,-0.002104904103062468,0.0002482005460412013,0.00059588837024533,0.0007449714427613609,-0.0024752475247524753,0.5274248190602676,0.0,-0.23886021536836133,15,1,0.0,0.0,0.0,0.18381732400221104,36.84210526315773,75,1,11.740000000000045,4.0,SELL,PM,SESSION,2026-02-03,2026-02-03 13:15:00,1,2015.0
3.484719607429838,0.001753759238766904,0.020974773897072984,0.9710658550683516,29.25732631484308,1.9256199388724193,-0.0017631423743638519,19.976070051450147,-0.00984059860086795,0.0045500385314698345,0.0,-0.0052067687994393165,-0.011934361014420686,-0.010803006919898463,0.5963492172853906,0.0,-2.984458197964063,90,0,0.0,0.0,0.0,-1.0582609881234886,4.026408835973901e-14,60,1,7.54,5.0,BUY,AM,SESSION,2026-02-04,2026-02-04 10:30:00,5,1987.0
3.1143015698991237,0.0015626199547913314,0.021816664037010092,0.8624137007896017,42.766157423845605,39.057205414395405,9.805936901707417e-05,19.234057945112465,-0.0045846454400866555,0.004139981135078549,-0.00200300450676014,-0.0012528188423953897,0.0017088862082831177,-0.0046446586425610325,0.6237344474462581,0.5458687804775151,-0.4816489239507358,15,1,0.0,0.0,0.0,-0.2550346870146027,41.606164045097465,75,0,-4.6971618838790254,0.09999999999990905,SELL,PM,SL,2026-02-04,2026-02-04 13:15:00,2,1993.0
3.6626208502493642,0.0018405129900750574,0.010468896579311215,1.139843955986929,41.48986538006161,24.209484583648198,0.00013495814724320812,16.353843260799636,-0.005324769018594753,0.003380001193907551,-0.001004016064257028,-0.004751187796949237,-0.0014551658387275282,0.002569398962164295,1.6300161466726952,0.0,-2.047714002253161,70,1,0.002211055276381955,0.002211055276381955,0.0,-0.293790739513869,37.753222836095574,20,1,12.54,10.099999999999909,BUY,PM,SESSION,2026-02-04,2026-02-04 14:10:00,1,1990.0
4.07846032313306,0.002049477549313095,0.011218359544996575,1.0177261450920474,43.9232992945471,39.19645916908357,-0.00016584999469415094,14.910456376535906,-0.004605034673167252,0.0031868770079697918,0.0012074864157778683,0.0,-0.006738208135762416,-0.0015052684395383843,0.6264005094064663,0.0,0.5884573613202198,35,1,0.0,0.0,0.0,-0.38394976712631484,18.556701030928107,55,1,0.040000000000000036,5.0,SELL,PM,BE,2026-02-05,2026-02-05 13:35:00,3,1990.0
3.8107893331306526,0.0019432887981288387,0.025418722871465786,0.7527797085239671,41.67331750749571,47.22638663784685,0.0008335584301928994,24.015451493450282,-0.008750783190575219,0.00881793006454863,-0.002086407816396066,0.0005102040816326531,0.003069053708439898,0.00332565873624968,0.6686121326775373,0.524825652946014,-1.338305415012312,15,1,0.0,0.0,0.0,-0.07596060497954032,86.0140220641303,75,0,-5.532947199756754,1.5,SELL,PM,SL,2026-02-06,2026-02-06 13:15:00,4,1961.0
3.3368712252783688,0.0016998834565860258,0.007248054610604259,0.8488642901798947,46.0377718581691,55.65355394671011,0.0008057270970944105,17.858596010633807,-0.005772702530444406,0.006181772939540309,0.0016839312139612973,-0.001525940996948118,0.001530612244897959,0.004092071611253197,0.6494140118661156,0.47949108370714355,1.4384732511214988,65,1,0.0,0.0,0.0,0.3455279791969911,61.51515151515142,25,1,8.44000000000009,5.400000000000091,SELL,PM,SESSION,2026-02-06,2026-02-06 14:05:00,3,1963.0
3.4448126304744338,0.0017559448621033917,0.006650485476509088,0.8939456907491574,47.11239712453523,39.88681734039877,0.0005645510032865519,12.719444593692916,-0.004433286372659704,0.004113425050201587,-0.00045855199470122327,-0.0021363173957273883,0.004197379197379221,-0.001628498727735392,0.670835443094094,0.4064081708290988,-0.5515539461251301,30,0,5.097359567739273e-05,5.097359567739273e-05,0.0,-0.029122822130136027,74.35897435897499,120,0,-6.127218945711738,0.20000000000004547,BUY,AM,SL,2026-02-09,2026-02-09 09:30:00,5,1961.8
3.1171828045980248,0.0015956912232393268,0.008085598401783852,1.0645306506862926,41.00257819838644,29.228783787982117,-1.9882242089984697e-06,11.52400727679439,-0.006323249254146313,0.004399339023105259,-0.0033671751441252534,-0.0018904557531167205,0.00010239082578203322,-0.006004172390983542,0.8562963664100113,0.0,0.9303272158829428,55,1,0.0,0.0,0.0,-0.7353723199459696,27.927134108236384,35,0,-3.46,2.599999999999909,BUY,PM,SESSION,2026-02-09,2026-02-09 13:55:00,4,1953.5
2.7193076952116644,0.0013897417566370238,0.006216371768823374,0.8494944636250672,47.43385190667798,57.57582359457771,0.00015158833536552192,9.273393768458718,-0.0033992732533139067,0.00369919824621061,0.0,0.0029215786776012535,0.00030673278462253284,0.0009719664415797478,1.8321295855557793,0.4780628548542263,1.618058893352856,15,0,0.0,0.0,0.0,-0.10601940194637177,65.56776556776661,135,1,9.339999999999954,15.0,BUY,AM,SESSION,2026-02-10,2026-02-10 09:15:00,6,1956.7
2.9360029579565166,0.0014965862768664066,0.013685771974843839,0.9823521645861947,48.64712290142556,16.070791587269756,0.0003719955289015335,13.436341172173966,-0.001488793025576606,-0.00044979885052099213,-0.002897077509529883,-0.0034542314335060218,-0.004970582268208539,0.0029139614539134225,0.3678491796096877,0.03405991118943215,0.3746590230840634,45,1,0.0,0.0,0.0,0.03911843815874802,69.72624798711739,45,1,7.70399704204332,11.599999999999909,SELL,PM,TRAIL,2026-02-10,2026-02-10 13:45:00,4,1961.8
4.290695955631608,0.002174486091441115,0.017896862048400422,1.008201875274373,59.207415185963264,76.8587996376502,0.0008252737033300024,16.046435943222427,0.004569969397097899,-0.0018134938345031946,0.00025345972524965784,0.0010146103896103895,0.00972264865418074,0.003152008134214563,0.19698281836827147,0.6991872719535047,0.34959363597675236,20,0,0.0,0.0,0.0,0.4940462176447117,97.93028322440084,130,1,26.839999999999954,33.200000000000045,BUY,AM,SESSION,2026-02-11,2026-02-11 09:20:00,9,1973.2
2.757257424712421,0.0013610037142565876,0.011895358094046469,0.5405840384969548,68.45094619069259,66.97464026344252,-0.000560475437432658,36.022203734778,0.010815770625346657,-0.010253712994750482,0.0002468648168263059,0.0002468648168263059,0.0002468648168263059,0.0034175334323923185,1.656178941424208,0.03626792301061224,0.0,15,1,0.00034552544548104323,0.00044424700133278587,0.0,0.4255768578830916,92.92929292929256,75,1,6.182742575287457,9.899999999999864,BUY,PM,TRAIL,2026-02-12,2026-02-12 13:15:00,5,2025.9
2.649132579366654,0.0013126214346282103,0.006824478140233472,0.9365895685298313,41.402250248557124,9.074519630162463,-0.0009918867349847007,29.695674694634846,0.0017506426490793373,-0.003998653968798536,-0.001533666452283139,-0.0019286879976261628,-0.0034564487458028834,-0.004832347140039425,0.6853689017033155,0.33973384609359947,-0.452978461458104,40,0,-0.0008918838569021675,0.0010900802695471437,0.0,-1.144126414036823,1.4706677480406602,110,1,6.7400000000000455,11.5,BUY,AM,SESSION,2026-02-13,2026-02-13 09:40:00,10,2018.2
2.173657055338821,0.0010773478664446972,0.004512983298462716,0.83695584217707,42.275728519653136,22.793798143984386,-0.0002112076869878812,14.543491526955794,8.25456170703465e-05,-0.0010862666145954648,-0.0011881188118812332,-0.0006934125804854338,-0.0007429052548165024,-0.0009408269373607779,0.16745207631327108,0.4600541734694777,-0.9201083469389554,70,1,0.0,0.0,0.0,-0.6108820067415933,11.396011396011398,20,0,-0.3600000000000909,0.0,SELL,PM,SESSION,2026-02-13,2026-02-13 14:10:00,1,2017.6
2.0603007661039756,0.001021164138632026,0.004512983298462505,0.8800505738896808,43.2508120029934,22.810585368105667,-0.00014466102654737669,10.688471048453025,-0.0008442581974359436,-0.00014469805885570575,-0.0011881188118812332,-0.0006934125804854338,-0.0007429052548165024,-0.0009408269373607779,0.1822340660361117,0.48536602832556236,-0.9707320566511247,70,1,0.0,0.0,0.0,-0.610882006741622,11.39601139601138,20,0,-0.3600000000000909,0.0,SELL,PM,SESSION,2026-02-16,2026-02-16 14:10:00,1,2017.6
2.0425249914353363,0.0010123537824322643,0.004512983298462381,0.8876982590485673,43.40609853988971,22.810586032903814,-0.00015773416355780644,10.426287758238045,-0.0011851647986346908,0.00019623612360314033,-0.0011881188118812332,-0.0006934125804854338,-0.0007429052548165024,-0.0009408269373607779,0.18356140359764764,0.489590092749501,-0.979180185499002,70,1,0.0,0.0,0.0,-0.6108820067416387,11.39601139601136,20,0,-0.3600000000000909,0.0,SELL,PM,SESSION,2026-02-17,2026-02-17 14:10:00,1,2017.6
2.039737513411812,0.0010109722013341652,0.004512983298462256,0.8889113330390348,43.43050900313489,22.810586032930143,-0.00016009218854512718,10.438387741034784,-0.0013105606040054632,0.0003216319804971075,-0.0011881188118812332,-0.0006934125804854338,-0.0007429052548165024,-0.0009408269373607779,0.18367098832652223,0.49025916002658987,-0.9805183200531797,70,1,0.0,0.0,0.0,-0.6108820067416556,11.39601139601134,20,0,-0.3600000000000909,0.0,SELL,PM,SESSION,2026-02-18,2026-02-18 14:10:00,1,2017.6
2.039300399762677,0.0010107555510322547,0.004512983298462131,0.8891018664927748,43.434338354603696,22.810586032930143,-0.00016044377298516112,10.44861831788627,-0.0013566849910056444,0.0003677563675935306,-0.0011881188118812332,-0.0006934125804854338,-0.0007429052548165024,-0.0009408269373607779,0.1836799706382783,0.4903642445793541,-0.9807284891587082,70,1,0.0,0.0,0.0,-0.6108820067416726,11.396011396011323,20,0,-0.3600000000000909,0.0,SELL,PM,SESSION,2026-02-19,2026-02-19 14:10:00,1,2017.6
2.0392318545254953,0.001010721577381788,0.004512983298462006,0.8891317521072734,43.43493888393728,22.810586032930143,-0.0001604952236594656,10.451529072973429,-0.0013736509418989856,0.0003847223184869843,-0.0011881188118812332,-0.0006934125804854338,-0.0007429052548165024,-0.0009408269373607779,0.18368070645348342,0.49038072732180227,-0.9807614546436045,70,1,0.0,0.0,0.0,-0.6108820067416895,11.396011396011303,20,0,-0.3600000000000909,0.0,SELL,PM,SESSION,2026-02-20,2026-02-20 14:10:00,1,2017.6
2.310051099114856,0.001130217280255813,0.019193544979522706,0.915645301123706,68.00771872232461,45.48106151789317,0.00029398843944156595,35.39063520706651,0.006835312766902723,-0.006374273533768698,-0.0018069935534283151,-0.0005378973105134029,0.0019117647058823975,0.0019117647058823975,1.1218085598642193,0.0432890856995441,1.1688053138886751,40,1,-0.0009295953813786699,0.0009295953813786699,0.0,0.4130539938589221,88.36477987421425,50,0,-1.860000000000091,0.6999999999998181,BUY,PM,SESSION,2026-02-23,2026-02-23 13:40:00,3,2043.9
2.314686536606122,0.0011331505050208655,0.006255263224987189,1.0519845212677221,60.08769185104733,76.75377092186592,-0.00047688662368354046,23.709667647012996,0.004589636111630476,-0.0033563354000929815,0.0011762976032936778,0.0037837837837838063,0.0011762976032936778,-0.001124694376528095,0.3130370683763217,0.4752263352310198,2.0737149173718747,20,1,0.0,0.0,0.0,0.2380930341387098,44.94949494949483,70,1,0.6399999999999091,1.599999999999909,BUY,PM,SESSION,2026-02-24,2026-02-24 13:20:00,2,2042.7
3.7226153263238415,0.0018152015439457,0.010463625898969037,1.6485730261195775,64.8009830421981,59.895239508781,0.00024250492040652486,28.8502666766806,0.006565462751271718,-0.005495023489016532,0.0006831267688104279,-0.0009742790335151986,0.0031795724697941726,0.005294117647058913,3.8963391099120854,0.0,-0.9133363783138078,60,0,-0.0025355958650281926,0.009313438658084604,0.7277486910994847,0.5974212319781935,70.84123790361228,90,1,5.033461684190152,15.299999999999727,BUY,AM,BE,2026-02-25,2026-02-25 10:00:00,3,2050.8
4.2432285707014845,0.0020695647323325777,0.014458318269026337,0.997705163069306,54.23836528509056,50.623231788607285,-0.0003799911153164457,26.594270885741032,0.004341523244690378,-0.004434723518640671,0.0,0.00014634146341472288,0.00014634146341472288,0.0029349899721177065,0.43018730123388244,0.0,0.07070088141647914,35,1,0.0,0.0,0.0,0.15467339727001803,22.005407646330344,55,1,1.639999999999909,0.0,BUY,PM,SESSION,2026-02-25,2026-02-25 13:35:00,0,2050.3
3.9811511655538183,0.0019372998372524663,0.012334049639777658,0.8905550496656114,58.97743218971072,76.41825968934995,-0.0001997678967927811,25.81937223290037,0.006148266329480404,-0.004644336363798088,0.0010229431535875634,0.002292347461347031,0.0024390243902439024,0.00107170693686663,0.9176322524611854,0.0,0.6530774371231952,25,0,0.00024330900243309004,0.00024330900243309004,0.0,0.41095787537057415,29.988232217573465,125,1,5.739999999999818,6.699999999999818,BUY,AM,SESSION,2026-02-26,2026-02-26 09:25:00,3,2055.0
4.065359705315003,0.0019813625622940845,0.010596843852726535,1.035531953817654,51.562073209120065,26.265850878468804,-2.5175538104740347e-05,25.505098802919278,0.003452122685161237,-0.005275268015584078,-0.004801862540621641,-0.0034968431277318203,-0.0005358273661648931,-0.0030126336248784344,0.5585364119294506,0.0,0.6641478726888227,25,1,0.0,0.0,0.0,-0.13236593644464165,52.43586807940756,65,1,18.174640294684686,23.199999999999818,BUY,PM,TRAIL,2026-02-26,2026-02-26 13:25:00,7,2051.8
3.4860104812457573,0.0016902688524271514,0.010367333155123894,0.842236854083063,62.29673199300755,83.49664975838711,3.2700063065076675e-05,23.379126571416517,0.007435805094574028,-0.005149818212002258,0.001651287032540112,0.0036009732360097768,0.005166195535627209,0.00757242659631638,2.9714634063798946,0.0,1.1474434805975007,70,1,0.0011152055857254566,0.001212179984484096,0.03999999999996362,0.6956190003453632,83.72647512774971,20,1,8.15398951875435,12.599999999999909,BUY,PM,TRAIL,2026-02-26,2026-02-26 14:10:00,2,2062.4
2.7655555103171165,0.0013420466396453228,0.010838286304462302,0.6777514785149484,50.089700013715714,12.012079084290349,-0.0005991511371259399,23.26592778516149,0.0028045799042259187,-0.004012305777165684,-0.00014556040756922946,-0.0012601172878400444,-0.0023238925199710395,-0.0032407855277161034,1.946479699231828,0.433909207579861,0.5785456101065362,95,0,0.0,0.00033969039646713166,0.0,-0.21019747034053965,13.361111111110448,55,1,1.7399999999998181,3.699999999999818,SELL,AM,SESSION,2026-02-27,2026-02-27 10:35:00,3,2060.7
2.720979043371696,0.0013190067591117823,0.00806910272394291,0.8770584212518505,54.190724138614165,73.4636302913446,-0.0005820320051246015,18.487196475577562,0.00353162265553808,-0.0026835582984666108,0.002380952380952425,0.0021861640108822387,0.0009218825812712717,-0.0010169491525423289,0.19968239788600675,0.698278071868466,0.14700590986707188,20,1,0.0,0.0,0.0,-0.13989664748232963,26.368861024033947,70,1,3.219020956628392,6.900000000000091,SELL,PM,SL,2026-02-27,2026-02-27 13:20:00,4,2062.9
2.8283084651309958,0.0013763058224481731,0.0071613979425227976,1.059135684126718,42.620514317213015,26.918695566790625,-0.000549413322970779,14.92017756578317,-0.0005394586588437624,-0.0013225911215895593,-0.0024271844660194173,-0.0024271844660194173,-0.003829560327694067,-0.004746222394420855,0.7387938816241476,0.38892504603417133,-0.0,65,1,0.0,0.0,0.0,-0.957520759274551,14.45156695156681,25,1,4.04,0.0,SELL,PM,SESSION,2026-02-27,2026-02-27 14:05:00,1,2055.0
4.287770063127761,0.0021104346424805636,0.02963511920883618,0.942989011329785,36.356329089633974,48.99108234608564,-0.0005946317221966108,32.710905525298905,-0.007902293135179117,0.007178294599989859,-0.0013271726307511036,0.0013307047806801603,0.002269251640274351,-0.012347479461377603,0.4197061030726631,0.23322146133707064,1.4926173525572732,65,0,0.0,0.0,0.0,-0.43055461200936584,45.33333333333341,85,1,11.240000000000045,17.299999999999955,BUY,AM,SESSION,2026-03-02,2026-03-02 10:05:00,8,2031.7
3.7945679360114606,0.0018550808780305357,0.01705785171265173,0.8786373006719871,52.739336822700686,56.48738942278688,0.001172019616736176,23.820281387930404,-0.0001096271145899621,0.0012235660367560686,0.0007828171632662601,-0.001708150317227916,0.002892724063541916,0.008132084770823066,2.0799644717761048,0.34259499946294497,1.0014315368917084,20,1,0.0002933268149596231,0.0004888780249327792,0.40000000000009095,0.5485272460276751,86.18357487922725,70,1,15.445432063988655,20.200000000000045,SELL,PM,TRAIL,2026-03-02,2026-03-02 13:20:00,7,2045.5
3.598170056868991,0.001769098803711584,0.01339009127025719,0.8992807737694862,40.36394776836598,12.733414188165316,0.0001509266547589766,22.97946894532089,-0.005229221844554003,0.0023685200061666495,-0.0020117762512266483,-0.004405501982475892,-0.005670985089220195,0.000245893577259762,0.21794642973055348,0.19454333423283568,1.3618033396297866,65,1,0.0,0.0,0.0,-0.29865873363326384,38.22463768115983,25,1,4.0418299431310425,8.600000000000136,SELL,PM,TRAIL,2026-03-02,2026-03-02 14:05:00,2,2033.9
3.466974638110269,0.001718962089399707,0.022160333585044923,0.8290642292552758,29.545195017238985,20.67870879021622,-0.001072327895970201,33.267464612851974,-0.010866521948716111,0.007958648347694438,0.0004960563520015873,-0.00044603033006237666,-0.004147533698711235,-0.01321003963011889,0.24996006606304788,0.0,0.5480282373901326,15,0,0.0,0.0,0.0,-0.780304267231566,1.1111111111110525,135,1,18.44000000000009,19.90000000000009,SELL,AM,SESSION,2026-03-03,2026-03-03 09:15:00,14,2016.9
3.5340795084853083,0.0017600874089771941,0.02441357864113584,0.9914147650443257,27.245702093888152,11.188453840009618,-0.0005436217951372117,37.884661022342016,-0.012770837898984781,0.009103511675078058,-0.002880270149476066,-0.00495564695971059,-0.002880270149476066,-0.012783322680564433,1.1948028017472456,0.6508059579524641,1.1884282710436664,65,0,-0.0016435081428357759,0.0022909507445589465,0.021739130434763266,-0.7364845399933313,5.546958289967257,85,1,9.44000000000009,10.900000000000091,SELL,AM,SESSION,2026-03-03,2026-03-03 10:05:00,8,2007.9
3.248556187421973,0.0016206316724479784,0.01857080873978676,0.9858635287478776,29.096038898335735,23.836726695417664,-0.00016807359095011675,40.55274956080444,-0.012157960025696728,0.009502924912720626,-0.003380897926714043,-0.001245640259093174,-0.001693311419891474,-0.006049486785342413,0.6089004862248397,0.0,-1.3236649612677314,105,0,-0.0010476428036916483,0.0010476428036916483,0.0,-0.6862603862605585,16.77777777777724,45,1,6.04,7.5,SELL,AM,SESSION,2026-03-03,2026-03-03 10:45:00,3,2004.5
3.68348626426367,0.001855660586530816,0.019399051501331734,1.1253284895437339,21.874504173879643,6.286190237362015,-0.0006086801639769772,47.43097258578318,-0.01787306617421754,0.01259091616757543,-0.002512562814070352,-0.006257822277847309,-0.008342908527751434,-0.014252371256890323,1.1685840383932278,0.13574097040917027,2.036114556137554,15,1,-0.00327455919395466,0.00327455919395466,0.0,-1.0828491301142638,-5.906386491005833e-14,75,1,10.356513735736407,15.0,SELL,PM,TRAIL,2026-03-03,2026-03-03 13:15:00,3,1985.0
4.700243083113357,0.0024480432724548733,0.022238336422576794,0.883058046127165,32.46284039392367,19.451903299369132,0.0005116941277801139,42.824381605991775,-0.020084750225933708,0.016881899271090718,-0.0018714909544603395,-0.002338269680436477,-0.006725297465080186,-0.008776458440887971,0.5312104260630437,0.0,0.19147945842067962,15,1,0.0,0.0,0.0,-0.6427168638452238,13.160535117056527,75,1,0.040000000000000036,4.0,SELL,PM,BE,2026-03-04,2026-03-04 13:15:00,5,1920.0
4.689459279701377,0.002429268172244808,0.016198675498187137,0.6784157133967829,51.075793707659344,67.69790070381791,0.0010887469340791548,13.962393749791605,-0.0025955242855616894,0.004044138991828598,0.0,0.0015565009857839577,0.0007776452900616932,0.009306702917494606,0.45333518296331626,0.0,-0.6397326047772055,15,1,0.0,0.0,0.0,0.3566404890393679,89.84126984126999,75,1,5.450540720298741,11.100000000000136,SELL,PM,BE,2026-03-06,2026-03-06 13:15:00,5,1930.4
4.636526269445336,0.0024023452173291895,0.012176618249828094,0.931880860573905,52.110552560330035,73.65037415657227,0.0004571532896391045,12.36022339239461,-0.001741868864520643,0.004161978840521216,0.004998958550301973,0.003014239684024506,-0.00020721094073771805,0.0025974025974025974,0.5776693758875594,0.0,0.8195790941683903,70,1,0.0,0.0,0.0,0.5760343591097711,48.43137254901962,20,1,23.903473730554687,29.5,SELL,PM,TRAIL,2026-03-06,2026-03-06 14:10:00,2,1930.0
4.714408302337048,0.0025475025950162373,0.024456584327733774,0.9148383035523597,41.64163641279467,37.02235724923542,-0.0007837490269681851,21.871887300713542,-0.003395010854670407,0.001968549904097584,-0.0007559395248380621,-0.00021609940572668338,-0.0034464189553043032,-0.002909482758620739,0.5814001966246101,0.0,0.21211569636517807,15,1,0.0025397168485895485,0.0025397168485895485,0.0,-0.413284485939399,20.368139629606308,75,1,1.7255916976630852,7.400000000000091,BUY,PM,BE,2026-03-12,2026-03-12 13:15:00,4,1850.6
4.250350303816175,0.002290923464569706,0.006215440211515087,0.8632008628043341,47.47475507272091,58.8404597246198,5.511819829482333e-05,19.3243365479261,-0.0006100668784854646,0.0012506412645009585,0.001781857451403863,0.0003774398792192632,0.002539716848589671,-0.002526881720430132,0.7688308284897005,0.2352747252625626,-0.5646593406301716,60,1,5.3899638872370534e-05,5.3899638872370534e-05,0.0,0.15964201292766236,61.149425287355506,30,0,-1.2599999999999545,1.7000000000000455,BUY,PM,SESSION,2026-03-12,2026-03-12 14:00:00,4,1855.3
4.779754147477092,0.002568655496279607,0.02212222520798968,0.8159480560793353,52.02793624414809,32.76164623289707,0.0003965851877442507,17.2635024569515,0.0020151462842164874,-0.0028590018695478637,-0.0009127516778523734,-0.002198509303447979,-0.007573333333333357,-0.0015024683408456506,0.19462379975447427,0.16737262531007377,0.5021178759302689,20,1,0.0,0.0,0.0,0.2296598212900038,51.75632183908027,70,1,4.460245852523067,10.200000000000045,SELL,PM,BE,2026-03-13,2026-03-13 13:20:00,3,1860.8
4.546041912387401,0.002457452787927672,0.014418884128981605,0.8544854246612031,43.61300959052651,21.224553570166677,-0.0006896957431449693,12.969362018686361,-0.0033601855211381165,0.0008001579554077569,-0.0016190835986831453,-0.0031792218989114473,-0.0014035087719297755,-0.004359526372443439,0.38235709742456286,0.4619403077384019,-0.3079602051589179,50,1,0.0007567976647386836,0.0007567976647386836,0.0,-0.6767577684425196,10.230951644499761,40,1,0.040000000000000036,4.5,BUY,PM,BE,2026-03-13,2026-03-13 13:50:00,2,1849.9
4.492590179337367,0.002440961792631006,0.015290728821298422,0.8313756844634399,41.80864839289378,36.28495040673846,-0.00037938772895265753,19.914515503423143,-0.005949528224252314,0.004500784307186666,0.0005436259853220984,-0.003465266121609232,-0.0019521717911175692,-0.006692212207890383,0.18225584544109305,0.3561419885033672,1.6694155711096288,30,0,0.0,0.0,0.0,-0.5660728705602402,37.97408828426105,120,1,0.040000000000000036,3.2999999999999545,SELL,AM,BE,2026-03-16,2026-03-16 09:30:00,3,1840.5
4.204615237432152,0.0022727649932065687,0.01173303093860955,0.9184551949351099,53.13084464371758,88.92310558871367,0.00037437814557418186,20.567007555874092,7.049398023096925e-05,0.0033107884791328417,0.0032537960954446853,0.006090928866652189,0.005161640858462374,0.002112561616380527,0.7798135497614674,0.19026711240492283,1.4270033430370024,60,0,0.004162162162162187,0.004162162162162187,0.0,0.46055875359794096,70.18518518518523,90,1,0.040000000000000036,5.0,BUY,AM,BE,2026-03-16,2026-03-16 10:00:00,2,1850.0
3.7255214490739634,0.002010752077436293,0.012588664521107596,0.8042296409855854,54.34778160962603,56.63843690781298,0.0008913421082671337,14.5272991201433,0.0012708500415823671,-0.0001524991752393655,-0.0012398253463424909,0.0009724473257698296,-0.001185983827493286,0.004663268625962428,0.2789992638543965,0.0,-1.1005170835935003,100,0,0.0,0.0,0.0,0.6219514553484011,86.8852459016391,50,1,2.2400000000000455,3.2000000000000455,SELL,AM,SESSION,2026-03-16,2026-03-16 10:40:00,2,1852.8
3.534822931045737,0.0019179722903123913,0.011967065934382832,0.9191538518540363,42.70642677416286,17.818772487038146,-0.0001878980524336231,14.433544245208394,-0.0037402473476800474,0.0011869927224347236,-0.0006506886454831609,-0.003191086592027741,-0.0035683391003459718,-0.0037837837837837837,3.2756779677462635,0.4809293232397131,-1.6125277308625372,30,1,0.0,0.0,0.0,-0.391277717153737,30.375180375180545,60,1,5.54,8.799999999999955,BUY,PM,SESSION,2026-03-16,2026-03-16 13:30:00,7,1843.0
2.7753704009801905,0.0015078617847333426,0.010096814461352438,0.6307509187202186,40.042316459465376,11.953919717321723,-0.0004673538104333073,18.379704067428467,-0.004283504108301499,0.002710448917724184,-0.0005972742574795767,-0.0009227595939858034,-0.0013022246337493712,-0.007816290226941944,0.5313162780378977,0.28824981332848937,-0.36031226666063215,65,1,-0.00027165054873410846,0.00027165054873410846,0.0,-0.7873147335705544,0.7633587786256893,25,1,7.464629599019909,11.200000000000045,BUY,PM,TRAIL,2026-03-16,2026-03-16 14:05:00,2,1840.6
4.478227818720442,0.0023670531310959575,0.05138893775619088,0.8360589238324148,69.81300283094049,51.683960042198905,0.0011019550449986948,35.077406717745,0.015044998475031119,-0.013532893253995542,-0.0011615015046723077,0.0005817643325577198,5.285971032885951e-05,0.0220961642355484,0.1495296538087056,0.22330261891091746,-0.7368986424060174,95,0,0.0,0.0,0.0,0.46652945113221556,86.81410458754192,55,1,0.040000000000000036,3.800000000000182,SELL,AM,BE,2026-03-17,2026-03-17 10:35:00,2,1891.9
4.262676997297438,0.002239977402678633,0.021158167616930994,0.9126317990909356,64.24864026472866,68.50842404180212,0.0006968570337114211,23.857090027161437,0.011811732127915855,-0.009278659005243441,0.0005783689994215831,-0.0008400714060694682,0.006239424703891685,0.01223404255319149,0.2616384667626446,0.23459436420681318,0.4926481648342863,70,0,0.0,0.0,0.0,0.6589932654418612,94.71413160733545,80,1,27.04,23.0,SELL,AM,SESSION,2026-03-18,2026-03-18 10:10:00,9,1903.0
4.607365252293369,0.0024408588961079515,0.019920984440794577,1.1010501114829336,52.01816241109599,72.86967874661859,-0.0005123111808869301,14.96982457524505,0.002845141808472449,-0.00039795169172332154,0.0032420940738771774,0.0019108280254776587,0.006719999999999952,-0.0028526148969889547,1.9390839834724802,0.6728357380515574,0.13022627188093067,30,1,0.0016952744225470536,0.0020661157024792665,0.0,-0.09538078459450057,44.87005197920805,60,1,2.932634747706552,8.5,BUY,PM,TRAIL,2026-03-18,2026-03-18 13:30:00,1,1887.6
4.30486141092602,0.0023364241036233488,0.040232971702937444,0.49388864414783373,35.05639624116541,29.405000106092345,0.0003657845963201775,22.76304197420151,-0.012104362738738935,0.011182679436524576,-0.0006508651082063489,-0.0008676319071633366,-0.0013550135501355014,0.0026119606029275477,0.20258807447035843,0.0,-0.09291820614355607,90,0,0.0,0.0,0.0,-0.2598005408525417,52.12401632002235,60,1,4.440000000000091,11.5,BUY,AM,SESSION,2026-03-19,2026-03-19 10:30:00,7,1842.5
3.8397965894929196,0.00208310996012202,0.009651525048558561,0.7827684925686413,38.572474510537496,15.407174415431314,0.000849523259734592,16.31668422494938,-0.009410171594137996,0.006867805630474189,-0.0024893121922182674,-0.0049125458864176935,-0.0036216216216216463,-0.0009214092140921655,0.5652544642444959,0.36460264687738225,1.536539726126225,35,1,-0.00027125264471328594,0.00027125264471328594,0.0,-0.26328658416914347,44.035450946205934,55,1,1.5002034105071198,6.2999999999999545,SELL,PM,BE,2026-03-19,2026-03-19 13:35:00,4,1843.3
3.668645309808785,0.001989611860626273,0.00959298588875081,0.8958343622771666,42.673162935603074,63.24533005900804,0.0003431996036279647,17.250278778104892,-0.007178394201707491,0.00740805921418037,0.0010314875135722535,0.0032100108813928677,0.0003255031736560172,0.0007598371777476748,0.2649980131542541,0.272580180298793,1.362900901493965,65,1,-0.0016269862790823796,0.0016269862790823796,0.0,-0.18188030059020036,30.000000000000185,25,1,1.3713546901911196,6.0,BUY,PM,BE,2026-03-19,2026-03-19 14:05:00,3,1843.9
4.27789413923539,0.002360347682208889,0.017809404587479715,0.6816698945679095,36.23722148022011,43.5018440992923,0.00019142782583465742,39.888498451777714,-0.012581648521407114,0.011746483696746197,0.0,0.0007730535615682446,-0.0013774863628850074,0.0001655537773854544,0.7410051989006338,0.5843996879377753,-0.09350395007006532,90,0,0.0,5.5175457956376305e-05,0.0,-0.42591738436310733,24.141799126524962,60,1,0.54,4.300000000000182,SELL,AM,SESSION,2026-03-20,2026-03-20 10:30:00,5,1812.4
2.9014235066515224,0.0016014038561935767,0.00830873297605417,0.7040360038486475,41.11167436566955,57.80041030886402,0.0006418577555890009,45.36469339722721,-0.008212041041912192,0.008408818680287812,0.0,-0.00033105274773788146,0.0004969904467391151,0.00016560861164778058,0.15868600457490892,0.0,0.2067950434070154,35,1,-0.0007727122198918705,0.0007727122198918705,0.0,-0.15003500654356186,59.8419212646289,55,1,7.938576493348401,11.799999999999955,SELL,PM,TRAIL,2026-03-20,2026-03-20 13:35:00,6,1811.8
3.4440545714248065,0.0019402031273870806,0.031374981186233886,1.0341911846911824,14.450908933544618,2.8068413133155783,-0.0015851968541243874,58.09695451399293,-0.021196457122796133,0.015994337874813247,5.6338028168962844e-05,5.6338028168962844e-05,-0.012186978297161987,-0.02025609890716417,5.114057344852092,0.43553316850593615,-0.0,15,0,0.0,5.633485437435021e-05,0.0,-0.8884415027559941,2.7873977873975613,135,1,21.329863571437762,30.899999999999864,SELL,AM,TRAIL,2026-03-23,2026-03-23 09:15:00,8,1775.1
4.382851178594379,0.002502484400248018,0.011156304676559464,1.0683366078811465,37.26555859408831,22.620300778011647,0.0012303676120269586,44.04018051279638,-0.014989272975437928,0.012087803882087722,-0.0020512820512819997,-0.0049429009715356055,-0.006015891032917088,-0.003640914779838357,0.23523646878149687,0.27379437519137867,1.437420469754673,15,1,-0.002626470252369481,0.002626470252369481,0.0,-0.29889967821592844,47.93814432989706,75,0,-0.96,11.100000000000136,SELL,PM,MAX_HOLD,2026-03-23,2026-03-23 13:15:00,8,1751.4
3.8432270239255892,0.00220242236328114,0.01632504909167888,0.9870193057261981,38.83905950490665,59.38183323224205,-1.7900100122656917e-06,37.224156096528,-0.012736308162125677,0.012644205946351988,0.003738855335058959,0.0,-0.0008588605782994561,-0.008579058008067672,0.41237705917082634,0.4683564069450625,1.691287025079435,65,1,0.0,0.0,0.0,-0.43792446163788434,8.990318118948684,25,1,6.940000000000091,10.0,SELL,PM,SESSION,2026-03-23,2026-03-23 14:05:00,3,1745.0
4.000980112593686,0.0022745765279099973,0.024056505956205176,0.7306755925316418,53.46475234409832,61.71833192170517,0.0005123854573394586,21.33453196649516,-0.0016875296401259268,0.0023352343261990364,0.0013092730688221976,0.0014803006148940497,-0.002834467120181406,0.012432370208357262,0.572465503606392,0.5498652675315701,-0.47488364014090656,70,0,0.0011938601478112046,0.0011938601478112046,0.0,0.3026428107773627,61.23188405797105,80,1,5.639999999999909,13.5,BUY,AM,SESSION,2026-03-24,2026-03-24 10:10:00,7,1759.0
3.5381362431644012,0.0020108759551943174,0.011076685186589556,0.9154772462095225,48.2144931271382,14.41017180021897,3.8869208448122055e-05,20.43456685865115,-0.0021667578408926243,-0.00084604307308249,-0.0035113552698646687,-0.006773920406435224,-0.005932203389830509,0.0007963142028326552,0.6063990748767246,0.0,-1.6392811359950943,40,1,0.0,0.0,0.0,-0.346189692159104,48.55491329479731,50,1,5.940000000000091,6.900000000000091,BUY,PM,SESSION,2026-03-24,2026-03-24 13:40:00,2,1759.5
4.042177150715993,0.002244905670729753,0.041358035496832236,0.7799692656359052,69.83960578229265,51.86012195871952,0.0010142230259422107,35.34329597349035,0.014243845127334025,-0.012646133674533235,-5.553395901601401e-05,-0.003431481071507663,-0.0007214606803930195,0.019823289533303128,4.396024914449855,0.6926960139547543,0.816391730732391,60,0,0.0,0.0,0.0,0.5028295060379809,86.96264975334725,90,1,1.139999999999909,4.899999999999864,SELL,AM,SESSION,2026-03-25,2026-03-25 10:00:00,8,1800.6
2.7375530075245864,0.001520018327331808,0.0058547153797579975,0.6773094444596943,63.24944622853831,76.5875361054943,-0.0007720140665338198,34.098955757799594,0.009095152036989242,-0.007934911070164684,0.0,0.0023932765625869394,0.0013900472616068947,0.00022214817283132898,0.06500780034361402,0.36528973037283513,1.7533907057895919,30,1,0.0,0.0,0.0,0.20782067173159435,67.59259259259369,60,1,6.04,6.0,BUY,PM,SESSION,2026-03-25,2026-03-25 13:30:00,3,1801.0
3.259064515356151,0.0018055759087845713,0.010042480675016764,1.258681334469224,59.622378578152905,40.88463956603822,-0.00011725788862129339,35.73311464925433,0.008689935337916418,-0.008924762882037527,-0.004851692579115644,-0.0011068068622025456,0.0013869625520110957,0.004116599910992485,1.096277440860036,0.21478556091840648,-2.3012738669827772,15,0,0.000554016620498615,0.0009972299168974816,0.44444444444443043,0.4179400884360053,84.31372549019605,135,1,10.04,14.299999999999955,SELL,AM,SESSION,2026-03-26,2026-03-26 09:15:00,8,1805.0
3.2220279145224637,0.0017993119531593588,0.011531885391982662,1.1499415844816712,41.30672430752857,6.662364075144043,-0.0012369668097199273,27.99629927819565,-0.00017119358057621494,-0.004803101212571873,-0.00378303198887341,-0.00698719015138907,-0.007922437673130169,-0.0040046721174704075,0.1367410530238693,0.40347260622434034,-1.644926779222354,65,0,0.0,0.0,0.0,-0.9736725804495558,10.305258467023089,85,1,2.3399999999999546,7.2999999999999545,BUY,AM,SESSION,2026-03-26,2026-03-26 10:05:00,3,1790.7
3.7969899388313304,0.0021251412877547043,0.01603747521746781,1.2456345986831878,39.39407234582562,21.521537420715397,-0.0014299255802415242,21.607397499891526,-0.0024395922493758355,-0.000531416850331146,0.0003919372900336201,-0.004069119286510566,-0.006284760845383735,-0.011780973451327408,1.1335188396743503,0.07900995389318599,-2.133268755116321,15,1,0.0012313203111882496,0.004869312139698912,0.7471264367816053,-0.8609054592092251,2.9230122082961265,75,1,2.9399999999998636,0.0,BUY,PM,SESSION,2026-03-26,2026-03-26 13:15:00,0,1786.7
3.5604698976486513,0.0019671104406898624,0.014600703304374393,0.9636983773410214,65.19036697329956,94.47400311372881,0.0010132249601416956,19.9097320744289,0.008999450595015508,-0.004519143660626876,0.000718748272239705,0.00701012573717587,0.009143621766280158,0.011003742389543677,2.7698556224628685,0.2808618044096944,-3.1737383898295337,70,0,0.0005524861878453039,0.0005524861878453039,0.0,1.0992918862517458,98.44961240310062,80,1,0.7400000000000455,7.5,SELL,AM,SESSION,2026-03-27,2026-03-27 10:10:00,11,1810.0
2.57146545057276,0.0014210917107337717,0.0065118758264481125,0.9079294899169584,61.517188557409106,73.90701692043602,4.465865932871487e-05,25.865939409951054,0.005402282327969364,-0.004247062428567283,0.000829646017699115,0.000497622470419159,0.002715283165244426,0.0029375900676199725,0.2748274679458115,0.6999899608213784,-0.11666499347021501,15,1,-0.001271069356175714,0.001271069356175714,0.0,0.5866961128031348,73.36647276573244,75,1,3.268534549427195,6.7999999999999545,BUY,PM,SL,2026-03-27,2026-03-27 13:15:00,3,1809.5
4.8623500569650435,0.0026977086423463402,0.0216426304378581,0.807791885663064,56.68669526441889,84.62995861569718,0.001314298429292761,20.608498573737705,0.0032496375892648497,0.00031652723990223267,0.0018899388549194502,0.0046262750125412085,0.0046262750125412085,0.012584269662921399,1.0089060598740174,0.0,1.007743157648865,15,1,0.00022192632046165719,0.00022192632046165719,0.0,0.8081093109814504,76.19769119769141,75,1,16.777649943034966,22.59999999999991,BUY,PM,BE,2026-03-30,2026-03-30 13:15:00,6,1802.4
4.789973036334422,0.002633300184900727,0.03300764222936699,0.9147713564505748,63.413111978976424,53.9960584726659,0.0020000541160926097,25.189556786858816,0.00971970967987409,-0.007274433161509941,-0.0032876712328767125,-0.0005494505494505495,0.004972375690607734,0.009209942299156629,1.0063772654341945,0.3340311078711888,1.377878319968713,60,1,-0.002144035184167175,0.002144035184167175,0.0,0.6613615066054529,93.97590361445766,30,0,-19.96,4.5,BUY,PM,SESSION,2026-03-30,2026-03-30 14:00:00,2,1819.0
3.287235236895763,0.001802311111845914,0.012579488843951693,0.9347246659465888,44.45600214617726,46.86901694659162,-0.0011034579025414578,18.400481923211757,0.00030093429697673643,-0.001268473558659199,0.0014825389852844528,0.00043881301080587017,-0.0015874753667614757,-0.003605572248019617,0.7831089241658117,0.6692554202715267,-1.247248737778701,50,1,-0.0014255167498217604,0.0014255167498217604,0.0,-0.6225599946897152,5.389221556886127,40,1,2.139999999999909,3.8999999999998636,BUY,PM,SESSION,2026-03-31,2026-03-31 13:50:00,5,1823.9
3.2355948810923025,0.0017287854675637436,0.041340202158159,0.5270317314055406,69.07003144335279,37.245800229898194,-0.00029177911095964624,42.85541586848806,0.013422212024005278,-0.013317050570861183,0.00016031635761233075,-0.0017600938716732528,-0.000267079750013354,-0.0018133333333333818,0.10580075735885068,0.2781559599007217,1.1126238396028165,90,0,0.0,0.0,0.0,0.24172707661783288,45.074574240607866,60,0,-1.360000000000091,3.199999999999818,SELL,AM,SESSION,2026-04-01,2026-04-01 10:30:00,4,1871.6
2.668498811132693,0.001423503046587375,0.004054042489476336,0.7271856594829457,69.8535641030994,89.05505469719832,-0.0006983321099598393,40.90088490388476,0.011767605257808738,-0.010418457239639193,0.0008542445274959472,0.0013888888888888404,0.0033183472489829897,0.00133539875006677,0.35999090548587087,0.33726827842124546,-0.3747425315792184,20,1,0.0024005121092499733,0.0024005121092499733,0.0,0.7379726860401381,76.76767676767558,70,0,-4.162198573359283,1.5,SELL,PM,SL,2026-04-01,2026-04-01 13:20:00,4,1874.6
3.3872475242359714,0.0018299554425910164,0.028975292016635512,1.0006404387219756,36.617908847377514,54.68622874662255,-0.0015661644290737822,37.111560719276284,-0.0036530092968706323,0.0026638962035769554,0.001081665765278529,0.0032520325203252032,-0.00021605271686296365,-0.014534419421817577,0.17141601113193192,0.6494949023532841,-0.531404920107208,60,0,0.0,0.0,0.0,-0.5330185214392131,14.114114114113917,90,1,3.04,5.0,SELL,AM,SESSION,2026-04-02,2026-04-02 10:00:00,8,1851.0
3.6996725672046034,0.0019805527661694877,0.013555980015411423,1.3935758898068578,65.87979758854834,91.81715072151405,0.001469212868842909,31.676006562583144,0.007496292095790676,-0.000500367684901473,0.0011254622434213565,0.011534087832349571,0.012685677111568953,0.009948096885813199,0.5695101675505084,0.5135589610935393,-4.676089487852085,35,0,-0.0006423982869379259,0.0010171306209850594,0.0,1.4741511333147643,84.18756815703354,115,1,7.940000000000091,12.299999999999955,SELL,AM,SESSION,2026-04-03,2026-04-03 09:35:00,17,1868.0
3.2043715536962054,0.0017190834515537583,0.01879912702655439,0.9144920105939038,59.55907291473056,63.44019085159401,0.0011964650856858498,29.994837073404778,0.0044407948561077945,-0.0029067359511126176,-0.0002681684097613301,0.0010741138560687433,-0.0021413276231263384,0.009204114780725501,0.3778194487316863,0.1560368364346687,-0.6241473457386748,65,0,-0.0003755364806867197,0.0003755364806867197,0.0,0.6202916923783067,79.00763358778579,85,1,3.940000000000091,8.299999999999955,SELL,AM,SESSION,2026-04-03,2026-04-03 10:05:00,12,1864.0
2.5625530420481875,0.001377716689273219,0.01896849700638397,0.683643354412173,52.62683523062487,17.36611340062559,0.0002854686163275875,26.653244365906172,0.0016713044072020316,-0.0024980246085738876,-0.00010751532093325743,-0.002199452819054723,-0.002145922746781116,0.0072020360643309436,5.675628400916827,0.35121224233490017,1.5999668817480854,90,0,-0.0001612903225806207,0.0001612903225806207,0.0,0.1839866508516718,65.7994273728047,60,0,-0.059999999999909015,4.2999999999999545,SELL,AM,SESSION,2026-04-03,2026-04-03 10:30:00,7,1860.0
2.012619518799405,0.0010872559660739048,0.0074327064244513255,0.907591106507984,36.06446443545973,3.5196476019479097,-0.0005824159161463978,17.928210032153515,-0.0032019815114454433,0.00046836256606115926,-0.0016180357046545494,-0.003767289166352726,-0.0045173433718742086,-0.006600837179349673,1.106786717699426,0.19874596080558582,1.7887136472509502,20,1,-0.0006482631948571366,0.0006482631948571366,0.0,-1.2673800548325795,4.263565891472349,70,1,5.627380481200398,8.599999999999909,SELL,PM,TRAIL,2026-04-03,2026-04-03 13:20:00,2,1851.1
3.3141106371582056,0.001790249912034467,0.018711763939369918,1.3610009927140236,54.87257081929074,89.39573013911614,0.00023731299221758714,38.75769727873206,0.0003062201384069511,0.004360121754923735,0.004612796440006512,0.008114142569297005,0.005540467137425337,5.402193290483303e-05,0.9533940599042404,0.0,1.9311364950350551,35,0,0.003457216940363057,0.003565254969749425,0.030303030303036566,0.2575533297688433,57.09060756541428,115,0,-5.931165955737206,0.599999999999909,BUY,AM,SL,2026-04-06,2026-04-06 09:35:00,3,1851.2
3.389950394185436,0.00184426875261707,0.01320573132459126,1.1250062019918368,40.11215243124455,30.404762405439172,8.234848217053991e-05,33.17304684082114,-0.00601571025531588,0.004187997263780862,0.00010881984874031127,-0.006432432432432481,-0.007076490924805605,-0.0010326086956522233,0.9835543596944186,0.0,-3.569373764511204,105,0,-0.0004896360372123883,0.0004896360372123883,0.0,-0.38831597376158933,34.556574923547124,45,1,0.7400000000000455,1.900000000000091,BUY,AM,SESSION,2026-04-06,2026-04-06 10:45:00,2,1838.1
3.224455258442594,0.001744835096559845,0.010939074141690538,1.0551418706601918,53.971362179700066,86.8407331965337,0.0004386738972532669,29.042451114949174,-6.553540961424095e-05,0.0031300078069639546,0.004184100418410067,0.004347826086956522,0.005495402361390668,0.005878510777269734,0.3273208175937619,0.0,-0.09303897122295751,25,1,0.0,0.0,0.0,0.6548094096529915,55.89523527670891,65,1,5.115544741557451,9.299999999999955,SELL,PM,TRAIL,2026-04-06,2026-04-06 13:25:00,7,1848.0
3.013125199421052,0.0016355236386153462,0.01171702058305693,0.9576480449678049,45.45052354386805,22.56273202202541,0.000406399423997866,21.04089738727731,-0.0029493408035077312,0.0015259610541114889,-0.0018961967710477842,-0.004162162162162187,-0.002544667027612369,-0.004162162162162187,1.1923916689886047,0.0,1.3939015878952,60,1,0.0003256798567008137,0.0003256798567008137,0.0,-0.08473403754434677,53.95045712873756,30,1,3.8399999999999546,3.599999999999909,SELL,PM,SESSION,2026-04-06,2026-04-06 14:00:00,1,1842.3
2.910583006092399,0.0015835598509751898,0.010506373030613683,0.9276124555679423,41.90494899092231,29.581418571481933,-0.00014754509241443202,19.71230604009344,-0.004466915201359646,0.002874171388435111,-0.0013040643338405188,0.00027210884353741496,-0.0023340389730228273,-0.0009783672138275652,1.3037696709125222,0.0,0.9963639566127626,30,0,-0.0009249183895538877,0.0009249183895538877,0.0,-0.5020200988393515,19.79949874686725,120,1,5.839999999999955,13.099999999999909,BUY,AM,SESSION,2026-04-07,2026-04-07 09:30:00,6,1838.0
2.792370359227276,0.0015087369565740631,0.009912568555829514,0.8282214237055782,58.32854432637768,82.02284387766223,0.0006898638144657981,16.255408653711292,0.002225465487870948,-0.00017732155496487335,5.4033608904689605e-05,0.002926194862902278,0.006964091403699649,0.00043243243243240787,0.5049904812713344,0.0,-1.898029028451157,105,0,0.0,0.0,0.0,0.7077981803894278,98.28431372549043,45,1,5.04,6.2999999999999545,SELL,AM,SESSION,2026-04-07,2026-04-07 10:45:00,1,1850.8
3.1971519635019368,0.0017372993335336288,0.009350297816576708,1.1368875650672061,44.030604160229,23.27784217802634,5.72473234587353e-05,14.092472420878915,-0.0032917998146312698,0.0006281537189486027,-0.004166666666666691,-0.0024392888117953167,-0.005619495326092879,0.0008701800184912759,0.5309796843609744,0.09383351289669556,-1.0947243171282808,45,1,0.0,0.0,0.0,-0.5258045184191436,51.22549019607825,45,0,-4.796582356202371,0.8999999999998636,SELL,PM,SL,2026-04-07,2026-04-07 13:45:00,5,1840.3
2.824027458768143,0.0015287324521020642,0.009555280925165329,1.0251500962778066,54.70904551069155,81.92236459444285,-7.529598939596926e-05,14.133631706702502,0.0009722169473883553,0.0012946025745445883,0.004240282685512343,0.0038037276531000383,0.0038037276531000383,0.0010295870813914942,5.913701128050151,0.03541042056422838,-0.28328336451406855,75,1,0.0012450603583608263,0.0012450603583608263,0.0,0.44168657390822036,32.17633370305098,15,1,1.7400000000000455,2.7000000000000455,BUY,PM,SESSION,2026-04-07,2026-04-07 14:15:00,1,1847.3
3.0498087581696365,0.0015788211203445859,0.00917580837357187,0.8318612809458349,53.82209736497229,48.14241302908206,-0.0004193392351968594,27.901404495025023,0.0058414270569779134,-0.005881698337418075,-0.000982623086470761,0.000673435557397407,-0.0008792800248267536,0.0033241572741910825,0.4657335830830401,0.4262562354173269,1.4099244709955614,90,0,0.0,0.0,0.0,0.0022567345234840615,51.16279069767436,60,0,-6.160000000000045,2.599999999999909,BUY,AM,SESSION,2026-04-09,2026-04-09 10:30:00,5,1931.7
4.119396140136454,0.0021277872624671764,0.005330737105530286,1.5998092323602229,59.64447633016342,84.22617127844738,1.9712714587630012e-05,22.40330673708526,0.006136956817360187,-0.004328514417131583,0.0007753941586973378,0.0031088082901554403,0.003576797470322996,0.002900953170327346,5.132585478933054,0.6797112743585776,-1.6992781858964716,15,1,0.0007747933884297521,0.012396694214876033,0.9375,0.7641273318143957,68.8105620155036,75,1,0.040000000000000036,4.0,SELL,PM,BE,2026-04-09,2026-04-09 13:15:00,2,1936.0
4.389349180851517,0.0022525655244029137,0.015563678191269798,1.0346234309436815,62.84783833985723,67.99973362944783,0.0007217193511614202,33.44850240608895,0.009117126119752565,-0.00675754553379472,-0.00020523345305289428,-0.0007179487179487646,0.011734164070612622,0.00650826446280987,0.6636989019970078,0.5467780987828588,-0.31895389095667626,30,0,5.1318895617319645e-05,0.0008211023298778144,0.0,0.7755732527216135,68.41025641025604,120,0,-0.16000000000004544,1.0,SELL,AM,SESSION,2026-04-10,2026-04-10 09:30:00,13,1948.6
3.9909021127300215,0.0020455674591132863,0.016921158880010865,0.8986882185182732,60.52064182818555,57.2471274402342,0.00024923384493678315,33.701768244076376,0.008133102781980511,-0.007226212641555987,0.001540041067761807,-0.0020460358056265983,0.001540041067761807,0.006707946336429308,0.8243259762735577,0.6514817769412984,1.5535334680907185,60,0,0.0009738595592004567,0.0009738595592004567,0.0,0.4829856008199583,80.57471264367787,90,1,2.2400000000000455,3.2000000000000455,SELL,AM,SESSION,2026-04-10,2026-04-10 10:00:00,7,1951.0
2.8347526665635328,0.0014539429997248463,0.014973832063805417,0.4741215952192087,58.433237772334515,36.806825502110655,-0.00021023796199766355,31.473386129799604,0.006074421254371213,-0.006137017392202687,-0.00010256936253143518,-0.00046139649338658033,-0.0006663249615581519,0.001335319192645543,2.349284413633859,0.0,0.2469351235670245,95,0,0.0,0.0,0.0,0.21133263739627042,47.592592592592815,55,1,0.940000000000091,1.900000000000091,SELL,AM,SESSION,2026-04-10,2026-04-10 10:35:00,2,1949.7
2.4472388980865545,0.0012578324928487637,0.005010451609526611,0.6856797321186747,49.48908566346753,20.89868654995625,-0.000568740867806679,25.72813983037015,0.0028489886428052563,-0.004162534010460015,0.0,-0.0024610336341264263,-0.0018469115534578988,-0.0017957005797547586,0.3588894151939744,0.0,-1.96139412615303,15,1,0.0,0.0,0.0,-0.8107961985609886,14.351851851852217,75,0,-3.8966866777038467,4.300000000000182,BUY,PM,SL,2026-04-10,2026-04-10 13:15:00,6,1945.6
2.517017783117265,0.0012954286068539707,0.005593719082806574,0.8979000072396259,44.6396603302794,17.449689009422347,-0.0006357007101040426,20.13342880400012,0.0009408794346722632,-0.0026263672629319315,-0.000976913980153268,-0.002566735112936345,-0.0013363486842104797,-0.003640838931336808,0.8349946409705248,0.6754024589745398,1.2316162487182092,65,1,-0.0001029336078229776,0.0001029336078229776,0.0,-1.0568016192733718,12.93368467281537,25,1,7.139999999999909,5.900000000000091,SELL,PM,SESSION,2026-04-10,2026-04-10 14:05:00,1,1943.0
3.318696726495653,0.001730560946183268,0.029028331593837872,1.0882488280818987,27.308560549693734,38.69459991382501,-0.0019467567700166778,30.524722221375292,-0.009681861209525659,0.006699340352373533,0.00198547468519774,0.0006261414036003368,-0.008889348286733188,-0.014340049342105194,2.0178438291876546,0.03013231043432236,-0.7834400712912851,30,0,0.0002085831986233983,0.0004693121969025869,0.0,-0.7434930471926058,3.6909552928995972,120,1,1.3399999999999546,6.399999999999864,BUY,AM,SESSION,2026-04-13,2026-04-13 09:30:00,14,1917.7
2.702753400437905,0.0014054879877472206,0.02742398268057438,0.7449157718801789,37.71679463945771,70.8449330678053,-0.00012140157116925046,27.994978570202903,-0.005304310568317494,0.005603710438329231,0.0,0.001041124414367517,0.0013017443374121322,-0.010293360782295419,0.12335203228484609,0.4069923655712301,-0.8509840371035347,65,0,0.0,0.0,0.0,-0.2750492962696517,27.713314980395648,85,1,2.04,5.099999999999909,SELL,AM,SESSION,2026-04-13,2026-04-13 10:05:00,8,1923.0
2.17768739528305,0.0011282769780234445,0.008382536634085046,1.0087096118799328,56.46544139587581,69.77417723946017,0.0009161745116943949,20.599805979976,0.0004901616473701106,0.0008976566324630644,0.0010892116182572142,0.0004146581661742365,0.002180798587673201,0.004214360041623262,0.24562363101872248,0.5969635507905321,-1.148006828443371,35,1,0.0005181078700585462,0.0005181078700585462,0.0,0.8006189294847179,84.31372549019561,55,1,6.26231260471699,9.400000000000091,BUY,PM,TRAIL,2026-04-13,2026-04-13 13:35:00,3,1930.1
2.899908613669851,0.0014835568699390449,0.0265603663191908,0.7630427904403074,63.57013642984256,20.653081210603965,-4.3394994857883836e-05,36.51855054411266,0.007104495033022924,-0.007656714552642951,-0.0004602168132541745,-0.002093118235654436,-0.002551410930244425,0.011749482401656339,0.5962297751318235,0.6551930605824859,1.1034830494021766,60,0,-0.0005627462014630935,0.0005627462014630935,0.0,0.25433499684303074,80.68965517241371,90,1,9.240000000000045,10.400000000000091,SELL,AM,SESSION,2026-04-14,2026-04-14 10:00:00,12,1954.7
2.872735151833712,0.0014688286899650843,0.013669934495659465,1.3952740254245728,57.478014825839864,38.58316164975491,0.0006077080219441997,21.68894067415295,0.004306240611659901,-0.004360041679883209,-0.0018372971317751027,-0.003160040774719697,0.006018208939869372,0.006018208939869372,1.8884042866729709,0.591770528833708,0.9050608088045597,20,0,-0.0009714694754065298,0.0025564986194907455,0.1799999999999727,0.4295242997748524,74.03846153846162,130,0,-5.7599999999999545,0.7999999999999545,SELL,AM,SESSION,2026-04-15,2026-04-15 09:20:00,14,1955.8
2.5320061747536715,0.001290062757809992,0.008741556393570798,0.9401199476719476,57.76384224370936,30.66306084836806,0.0002733348326423722,20.860961276336678,0.003037100509918406,-0.003193321461043233,-0.0011704834605597732,-0.0010179671196620349,-0.0011704834605597732,0.003322768633064104,0.11966443686754956,0.6714043658149575,-0.3554493701373569,35,0,-0.0003057013298007383,0.0003057013298007383,0.0,0.3607697076127661,80.0995024875616,115,1,1.2400000000000455,5.7000000000000455,SELL,AM,SESSION,2026-04-16,2026-04-16 09:35:00,20,1962.7
2.0459462359790757,0.0010385513888218657,0.005789813865735418,1.1542578430989585,69.93370630314467,96.25952391431937,0.00029818700629577634,11.719569684263048,0.0052412177031141635,-0.002021687496226566,0.0035148489633743014,0.003975129956171621,0.004845702626880897,0.003565970453387672,1.0761202907892269,0.3910171176209424,0.24438569851310288,25,1,0.0025888324873095986,0.0025888324873095986,0.0,1.5375960407767781,96.82539682539759,65,0,-3.4151354831748995,2.0,BUY,PM,SL,2026-04-16,2026-04-16 13:25:00,3,1970.0
3.597332153730406,0.0018109807459375784,0.013858663102957872,0.8777235369063877,59.79087353139418,32.95455812094908,5.7373408561394807e-05,31.892043001260667,0.006695402917264192,-0.0070458031916066245,-0.0008550877722447655,-0.0029614013953721146,-0.00030196275792647665,-0.00030196275792647665,1.0468234843220399,0.6393627003875281,0.5281691872766894,95,0,-5.034232782919304e-05,5.034232782919304e-05,0.0,0.3316861628905402,75.67000651678053,55,0,-4.559999999999909,1.400000000000091,SELL,AM,SESSION,2026-04-17,2026-04-17 10:35:00,6,1986.4
2.628637373078766,0.0013207241989040678,0.006046485084932688,0.8064259274789249,53.20517354920404,68.06493157292749,-0.0001317926576357059,14.976782751089713,0.0022634257886163414,-0.001732636061264463,-0.00010047726701835994,0.0016607951685958502,0.0008548727748164767,-0.0015551319353868448,1.4499564202693778,0.342382714792636,1.3314883353045608,65,0,-0.00035170577299906825,0.00035170577299906825,0.0,0.22284646998098687,49.71264367816096,85,1,0.6684065673030455,8.200000000000045,BUY,AM,SL,2026-04-20,2026-04-20 10:05:00,5,1990.3
2.5627324266522975,0.0012877405289444237,0.005512694427303356,0.9127269199957494,47.79975414499773,36.110614438260306,-0.00018298956157634277,14.582558176292418,0.00046472092133552633,-0.0011166181924015446,-0.0014550928248871504,0.000553041729512272,-5.024620641148448e-05,-0.0013548775592131903,0.9914911693691401,0.1560834037295933,1.5608340372955782,15,1,-0.00180895432390339,0.00180895432390339,0.0,-0.42062912718854106,26.553672316383672,75,0,-0.96,3.5,BUY,PM,MAX_HOLD,2026-04-20,2026-04-20 13:15:00,8,1990.1
2.2755635875100593,0.0011414343837831357,0.005521422516846516,0.8041911309081228,54.3870326744094,74.68181823422825,-8.480938947765657e-06,12.500669540628266,0.0019868620025537908,-0.0011108645664782918,0.0007529742482807088,0.0020608193013319474,0.0017587055926837848,0.00035124692658930105,0.5346341280405661,0.3515612591056272,-1.1425740920933134,45,1,0.0007524077046548957,0.0007524077046548957,0.0,0.2245313912712825,40.5655938264619,45,0,-3.690676305012139,2.3999999999998636,SELL,PM,SL,2026-04-20,2026-04-20 13:45:00,7,1993.6
2.043280759314135,0.0010247145232267477,0.00443346961339918,0.8149259362605952,54.73269596344343,67.815032025948,7.6502574387148e-05,13.333062115591792,0.001870229063529556,-0.0012923353175383289,0.000752823086574655,0.00025081514923501377,0.0002006420545746845,0.002513826043237808,1.575044653487677,0.6851726047035257,-0.4894090033597089,70,1,5.015045135401657e-05,0.0003009027081243275,0.8333333333334596,0.45519256836530075,87.04061895551179,20,1,0.2400000000000455,3.900000000000091,BUY,PM,SESSION,2026-04-20,2026-04-20 14:10:00,2,1994.0
3.164508024780198,0.0015852660178239644,0.01650084912827501,1.0629320689610382,35.29860521083318,37.929168463108375,-0.0003789637903619133,45.70106113004624,-0.005087701185171287,0.0039882233272989535,-0.0003505433421804023,-0.00010018032458427442,-0.0004006009013520053,-0.0078035687658432554,0.6477521944918094,0.3792058641037561,-0.126401954701276,60,0,-0.0005009518084360284,0.0009017132551848284,0.05555555555550643,-0.5370915828819931,26.685446009389793,90,1,9.240000000000045,15.799999999999955,SELL,AM,SESSION,2026-04-22,2026-04-22 10:00:00,14,1996.2
2.634353948586767,0.0013195521681961364,0.011564752369260353,0.7646638171626652,39.21068664090944,61.47703961130894,2.578539769971036e-05,44.47392751121645,-0.00397221908132315,0.004045941267939877,0.0003006313257842151,0.000551295544529713,0.00010019036168722847,-0.0019497075438683516,0.20645458927934726,0.645319510277665,-0.45551965431365093,95,0,0.0,0.0,0.0,-0.298774275084911,29.06613100161499,55,1,9.44000000000009,16.0,SELL,AM,SESSION,2026-04-22,2026-04-22 10:35:00,9,1996.4
4.307165863414633,0.0021427619836896835,0.009746594871148623,0.6932016497586251,44.33139036876333,25.91913173033164,0.00027237792583978453,15.226381416955387,-0.002905800731997218,0.0020220773558409753,-0.0015398370753030679,-0.0010932763504447874,-0.0007953472187702622,-0.006573094790946022,0.30097070271682363,0.6500794463903399,-0.4875595847927945,65,0,-4.97487687180421e-05,4.97487687180421e-05,0.0,-0.1728872870062617,19.941301988886252,85,1,0.040000000000000036,4.099999999999909,SELL,AM,BE,2026-04-24,2026-04-24 10:05:00,10,2010.1
3.5155244744095073,0.0017505848393633639,0.008268210118042631,0.618786042024782,42.60143936718681,30.59173637058355,2.2378484758975035e-05,11.18573369950829,-0.0031766309246578314,0.002593845403906839,4.979831681695953e-05,-0.0006469270962925875,-0.0009452266056414426,-0.00014936519790886458,0.5822457054104775,0.5120146405189009,-0.3413430936792457,95,0,0.0009959167413604222,0.001095508415496487,0.0909090909091097,-0.4610503203196519,10.036848072561884,55,1,2.9399999999998636,7.099999999999909,BUY,AM,SESSION,2026-04-24,2026-04-24 10:35:00,7,2008.2
3.178917519679216,0.0015878708889506573,0.005830582162969375,1.0726055202631024,36.799736205127374,12.082967801635796,-0.00020143704834451725,10.181462601664922,-0.005234215430324592,0.0019179312578905179,-0.00298804780876494,-0.00407919609989058,-0.003980099502487562,-0.00298804780876494,1.8138230527882941,0.4089442371348903,-0.9122602213009696,30,1,-0.0017482517482517483,0.0017482517482517483,0.0,-1.301496184392677,27.240143369175133,60,1,1.8610824803206834,6.0,BUY,PM,TRAIL,2026-04-24,2026-04-24 13:30:00,1,2002.0
3.283420988531332,0.0016320000937081027,0.0065188605272923725,0.8901078997287253,51.13946379230544,67.66011656258445,-2.807552818517863e-05,9.217948315837107,-4.942073652767311e-05,0.00044443767400315684,9.94184023462969e-05,0.0016928055763007672,-4.9701789264368316e-05,-0.0007450084434290255,0.9049753087222184,0.12182415882619128,0.9745932706093224,40,0,-0.0007455638948257866,0.0020378746458571046,0.6341463414634065,0.15409600008073487,34.1770508826589,110,0,-5.885131482797042,4.099999999999909,BUY,AM,SL,2026-04-27,2026-04-27 09:40:00,9,2011.9
2.6398529702431976,0.0013145368838976186,0.0046909313794899765,0.7806698598369903,44.78279867932893,30.618744908815188,-0.00020855492901337614,7.59394543153766,-0.0015916012327302088,0.001025595038002249,4.979831681695953e-05,-0.0006469270962925875,-0.0009452266056414426,-0.00014936519790886458,0.7714016675678911,0.6818561564943354,-0.45457077099619486,95,0,0.0009959167413604222,0.001095508415496487,0.0909090909091097,-0.5565778865837088,10.036848072561861,55,1,2.9399999999998636,7.099999999999909,BUY,AM,SESSION,2026-04-27,2026-04-27 10:35:00,7,2008.2
2.890799138034004,0.0014439556134035986,0.005830582162969488,1.1781156601334313,36.98864314789618,12.082944708667076,-0.00030884020445685423,9.794455670343241,-0.0043617085693925745,0.0010458125029620259,-0.00298804780876494,-0.00407919609989058,-0.003980099502487562,-0.00298804780876494,1.9523001749688076,0.4497026385873589,-1.0031828091564827,30,1,-0.0017482517482517483,0.0017482517482517483,0.0,-1.3014961843926516,27.240143369175115,60,1,2.1492008619659737,6.0,BUY,PM,TRAIL,2026-04-27,2026-04-27 13:30:00,1,2002.0
3.616146853672457,0.0017909696665209533,0.0095988433808779,0.9598919922699779,57.23905223284926,60.245434254327414,0.00044082827379841356,11.206628857662643,0.00324995884731137,-0.0022230362036460166,-0.00044554455445549056,0.0005946776351651807,0.002532274081429945,0.005628050602649644,0.6533824706137944,0.30419118595329725,0.47011365101878355,20,0,9.905403397544357e-05,0.0003466891189142777,0.0,0.6583859101377219,79.71153846153801,130,1,19.54,23.90000000000009,BUY,AM,SESSION,2026-04-28,2026-04-28 09:20:00,20,2019.1
2.946540715439651,0.0014586835224948767,0.010657663119187439,0.6983991253255767,57.27525643233354,59.304111692791814,0.00018029915399016654,10.63974271688424,0.003031917848651538,-0.0025453481782735684,0.0005944125222904921,4.9507401356457765e-05,0.0004457431528899465,0.0016860061489636473,0.6644728104564855,0.6448239422059348,0.27150481777089147,65,0,0.0004950495049504951,0.0004950495049504951,0.0,0.4502501582051266,78.37837837837817,85,1,18.639999999999908,23.0,BUY,AM,SESSION,2026-04-28,2026-04-28 10:05:00,15,2020.0
2.6223536143728663,0.0012937116992466039,0.008160620913484077,0.885155389200149,64.91120579944733,81.94016185948259,0.00018734410065872326,12.963943761601339,0.005503247547877608,-0.003295895397514857,0.0029688273132112814,0.002175417779096258,0.00252237993966067,0.004908036289722915,0.4859934387823311,0.11440104734757493,-0.5720052367379613,95,0,0.000493339911198816,0.000493339911198816,0.0,0.9430658541060305,90.47619047619015,55,1,11.639999999999908,16.0,BUY,AM,SESSION,2026-04-28,2026-04-28 10:35:00,9,2027.0
2.619255305854058,0.0012895112770057394,0.010000213252990947,0.9607315264111922,50.84659086751273,48.80175140542285,-0.00047466761898036204,15.550847113118552,0.0021335096837461383,-0.0023898503931323403,0.0014297687718779722,-0.001867321867321845,-0.0008853910477127175,-0.0018182711681163917,0.47726295295732174,0.0,-2.5579789740333783,70,1,0.0004923198109491926,0.0004923198109491926,0.0,-0.3057482566309654,30.414284472032296,20,1,2.9207446941459603,6.5,BUY,PM,TRAIL,2026-04-28,2026-04-28 14:10:00,1,2031.2
3.2666111715125044,0.0016063984123493998,0.006245448598392641,0.9562859854489607,51.75650615934063,44.33506462070152,-7.162529238549583e-05,15.546020634894287,0.0022315362434400824,-0.0023493321610321303,-0.0007371007371007371,-0.0007371007371007371,0.00019674388864300378,-0.0007371007371007371,0.27132230608118535,0.30612764957176725,0.30612764957176725,35,0,0.0,0.0,0.0,0.17568522684813104,56.83060109289613,115,1,4.2400000000000455,7.0,SELL,AM,SESSION,2026-04-29,2026-04-29 09:35:00,12,2033.5
3.119276123238076,0.001539243090667691,0.006335516151427241,0.9364004385838604,43.11545739139256,21.332739828271986,-0.0004555933437701299,11.85620285551242,-0.0011950781473188637,-0.0004981457926134618,-0.0014781966001478197,-0.0017241379310344827,-0.0034423407917383822,-0.005496392992098957,4.166724669922723,0.6411744010414278,-0.7694092812497424,65,0,-0.001233654083395016,0.001233654083395016,0.0,-0.8676194925479921,9.016393442623087,85,1,0.8399999999999546,4.5,BUY,AM,SESSION,2026-04-29,2026-04-29 10:05:00,7,2026.5
3.1635926789656232,0.001555737732464039,0.005048811460297716,0.9867418863072983,51.633761322444926,45.466842543190076,8.45449964738517e-05,9.297466721990851,0.001086913395411688,-0.0011270192780066211,-0.0007371007371007371,-0.0007371007371007371,0.00019674388864300378,0.0003443526170799122,0.033048052582303575,0.3160963187988419,0.3160963187988419,35,0,0.0,0.0,0.0,0.12666273611785556,63.42592592592539,115,1,4.2400000000000455,7.0,SELL,AM,SESSION,2026-04-30,2026-04-30 09:35:00,12,2033.5
3.0481561190113973,0.0015041480972175659,0.006215001890895331,0.9580159164594408,41.84603038241078,21.439046623379,-0.0003561132943668865,8.289876408816392,-0.00213542808260558,0.0004643932861638613,-0.0014781966001478197,-0.0017241379310344827,-0.0034423407917383822,-0.00339333136618476,1.130673124390095,0.656134371702935,-0.7873612460435518,65,0,-0.001233654083395016,0.001233654083395016,0.0,-0.8749675893651178,21.52777777777705,85,1,0.8399999999999546,4.5,BUY,AM,SESSION,2026-04-30,2026-04-30 10:05:00,7,2026.5
3.155893378423685,0.0015519515015607007,0.0050488114602967125,0.9891489207568459,51.62270496341206,45.46684333057328,8.846867976199898e-05,8.755972540454811,0.0008047055725893695,-0.0008447996978495385,-0.0007371007371007371,-0.0007371007371007371,0.00019674388864300378,0.0003443526170799122,0.032196711002517905,0.3168674857131843,0.3168674857131843,35,0,0.0,0.0,0.0,0.12666273611788076,63.42592592592543,115,1,4.2400000000000455,7.0,SELL,AM,SESSION,2026-05-01,2026-05-01 09:35:00,12,2033.5
3.0428408181023308,0.0015015252001491885,0.006215001890894763,0.9596893050420592,41.73708514094264,21.43904669650786,-0.0003536196919053402,8.008417398514721,-0.0023672722296845636,0.0006962407912692867,-0.0014781966001478197,-0.0017241379310344827,-0.0034423407917383822,-0.00339333136618476,1.106399915777074,0.6572805215776293,-0.7887366258931849,65,0,-0.001233654083395016,0.001233654083395016,0.0,-0.8749675893651977,21.52777777777709,85,1,0.8399999999999546,4.5,BUY,AM,SESSION,2026-05-01,2026-05-01 10:05:00,7,2026.5
4.229149394158723,0.0020690554765942872,0.01593801864260618,1.0176077166870927,57.23490410362665,54.45654192735579,0.00024193540915455145,16.302081420877766,0.004174418712807771,-0.003675670464204723,0.0012245897624295861,-0.000879851402874159,-0.0032185701745830048,0.005856011023079618,0.4313433959286812,0.6384262527422819,-0.5911354192058067,35,0,0.001223091976516634,0.0015166340508805816,0.0,0.369130225039733,57.72626931567311,115,0,-7.303724091238073,0.7999999999999545,BUY,AM,SL,2026-05-04,2026-05-04 09:35:00,5,2044.0
3.3468165393203053,0.0016424481225500835,0.014326202311588624,0.7372669830361576,49.10706321750208,46.08698793259559,-0.0005528164478624033,13.064994976011503,0.0006867649793449416,-0.0012483885703026333,0.0007858160208241916,-0.00014720314033363815,-0.0025942241801272417,-0.006581513260530311,0.22102989082859845,0.597582800402371,0.687220220462781,70,0,0.0007851989988713434,0.0007851989988713434,0.0,-0.17482573767280019,21.203865023499727,80,1,11.740000000000045,19.0,SELL,AM,SESSION,2026-05-04,2026-05-04 10:10:00,13,2037.7
4.156316509054011,0.0020719424272452698,0.011628414324057526,0.8995292167375145,38.31424604032538,23.458278565704916,-0.0002766497407311869,33.45009081753651,-0.0076246141449084716,0.005518661961259898,-0.0007969715082685341,-0.0017417267977108733,0.0004987531172069825,-0.004417092659685389,0.3800115795649746,0.5533746034475291,-0.45713554197837936,25,0,-0.00019940179461619688,0.0006979062811565758,0.0,-0.7435584461666858,16.019417475727767,125,1,0.040000000000000036,8.799999999999955,BUY,AM,BE,2026-05-05,2026-05-05 09:25:00,11,2006.0
3.5014396848600677,0.0017437448629781215,0.010845931043982364,0.7601949934640577,41.845027846865854,24.4433427656853,0.00018923279706503703,25.93750733796015,-0.00535954159131015,0.004122401606307458,-0.0009950248756218905,-0.003028648031378735,-0.0023351716599592813,-0.0038694314912193447,1.5639276779784768,0.5426339366105697,-1.1423872349695656,65,0,-0.00034860557768926566,0.00034860557768926566,0.0,-0.42420931992511784,28.628166950001173,85,1,5.54,9.900000000000091,BUY,AM,SESSION,2026-05-05,2026-05-05 10:05:00,11,2008.0
3.140406610546845,0.0015620027906226536,0.008024539439779205,0.8318372059944971,47.29101420208937,66.11011230438415,0.00015510302566100874,23.45475003569914,-0.0031775146922247734,0.003918741169275422,0.0024931438544003987,0.000896101956489249,0.001245019920318725,0.0014445108587368455,1.0098394021771127,0.25474408228323303,-1.0189763291330045,95,0,0.0020392937080327823,0.0020392937080327823,0.0,0.031615573891083354,29.59183673469393,55,1,3.04,7.400000000000091,BUY,AM,SESSION,2026-05-05,2026-05-05 10:35:00,6,2010.5
2.454588996576995,0.001218823673755894,0.006079568291935414,0.8759449845089597,50.846650563367454,52.47773414569367,0.00020362605245136524,12.06218828191562,-0.0009718766769932718,0.0010724938123750254,0.0008448464367359336,0.0002483361478096752,-0.0002978406552493964,0.004188481675392716,1.13800673406593,0.04074001803951281,-0.4888802164735053,35,1,0.0014399920552162922,0.0014399920552162922,0.0,0.29265676383569905,66.12903225806417,55,1,3.1854110034228507,6.599999999999909,BUY,PM,TRAIL,2026-05-05,2026-05-05 13:35:00,1,2013.9
3.2429421795654347,0.0015896775390026642,0.02041541794160322,0.9234150575687776,60.57583872003395,12.126141564157573,2.3711794819320715e-05,47.59485294783349,0.0058647866158801605,-0.007463881086079919,-0.003127443315089958,-0.0030300068419509556,-0.0035169988276670798,0.003937007874015748,2.126672727819408,0.24668956635765774,0.12334478317886392,40,0,-0.0015686274509804144,0.0015686274509804144,0.0,0.1972873025382882,64.22466422466452,110,0,-2.059999999999909,2.900000000000091,BUY,AM,SESSION,2026-05-06,2026-05-06 09:40:00,16,2040.0
2.7488760833979167,0.0013480830186836923,0.010933830733845037,0.7741522160503538,56.20909293467111,19.54247148063054,-0.0006646285091542898,43.4759745787892,0.004276386287207636,-0.005406260038413779,-0.0006861063464837496,-0.0018601008370454657,-0.00044117647058827987,-0.0033724340175953524,0.3935582874970324,0.32740653732473485,0.6184345705022309,65,0,-0.00039232994948760824,0.0009317836300329023,0.0,-0.14565537974120193,30.703457894965293,85,0,-0.7600000000001819,3.0,SELL,AM,SESSION,2026-05-06,2026-05-06 10:05:00,11,2039.1
2.816709081162959,0.0013625062067251772,0.010437328849431833,0.8339818288907067,60.85832020747021,30.77668551935513,-0.0003503170508476991,50.62279820619301,0.006770209167988998,-0.0072417120971073464,-0.0008216529724503713,-0.00043516100957336634,-0.0028458421763455704,0.0035436893203884376,0.8118776268339685,0.6035412074925322,0.24851696779093815,60,0,-0.0009190731872488928,0.0013060513713538519,0.29629629629638365,0.19670644021351671,60.699147571506614,90,0,-5.185063621744539,5.300000000000182,SELL,AM,SL,2026-05-07,2026-05-07 10:00:00,4,2067.3
3.7829585002130464,0.0018270748612475472,0.012355031567596365,0.9070559093654618,42.88576599571968,38.26486826865046,-0.0009033667907036349,24.235179988099702,-0.0007408789276023761,-0.0005366926817083884,0.00048320850446967865,0.0004348666408968356,-0.005284650492433342,-0.0061440983055729755,1.1222387313540965,0.3700807185490527,0.13217168519608166,20,0,0.0,0.0004829751267809708,1.0,-0.6858715718121752,13.57844474031743,130,1,0.040000000000000036,3.400000000000091,BUY,AM,BE,2026-05-08,2026-05-08 09:20:00,2,2070.5
2.7711919046050464,0.0013380936284910895,0.009462535910080795,0.6257421256633496,45.43972408676622,53.50125582976744,-0.00016394822999940062,16.333806027432853,-0.0003016147376137454,0.00029847634684527027,-0.00048262548262548264,0.0006281103541576953,0.0011118093488665258,-0.005044439106413644,0.11158423205112884,0.3969411133788431,-0.5051977806638478,70,0,0.0,0.0,0.0,-0.25992504233465935,18.40490797545968,80,0,-2.360000000000091,0.900000000000091,SELL,AM,SESSION,2026-05-08,2026-05-08 10:10:00,11,2071.0
2.3077704203175275,0.0011103057110019377,0.007001905373585148,1.0789491401698694,57.74375267430747,51.94873176843567,0.0005473640135039076,16.117287684878242,0.0026367066090809263,-0.0019672334279124074,-0.001201345506967804,0.0007221954742416948,0.0029434472109630904,0.0026047947518209884,1.1793536697431857,0.6933098656233596,-1.039964798435138,25,1,0.0004811161895597787,0.0004811161895597787,0.0,0.7060407546634196,92.3547400611619,65,0,-3.7293245043810748,0.40000000000009095,SELL,PM,SL,2026-05-08,2026-05-08 13:25:00,2,2078.5
3.418547548808996,0.0016525100540479508,0.009978108511756071,1.03679236634418,42.907588821296905,33.63060894758625,-0.0004038517052196591,16.930997502744958,-0.0022771113233371154,0.0010177929872725927,-0.0011105746016418067,0.0002901213674386679,-0.0011105746016418067,-0.007341650671785116,0.09778331648213012,0.2925218929157194,0.8483134894556128,25,0,0.0,0.0,0.0,-0.6586265370288471,31.166666666666117,125,0,-6.0878213232135385,2.400000000000091,BUY,AM,SL,2026-05-11,2026-05-11 09:25:00,3,2068.7
2.7595176162549677,0.001335681324421572,0.008500268279429008,0.7501444497146603,43.36051148117742,55.85397950611076,-0.00012799549049648755,17.485634612057414,-0.0024201407462226,0.002397714932048729,-0.00038707180181932546,0.0007265681763138775,0.0019398642095053346,-0.005104497736684923,1.294819100423469,0.3986203942023589,-0.8334790060596126,70,0,-0.00033881897386244826,0.000484027105517909,0.3000000000001819,-0.33888889237918396,25.799086757991194,80,1,0.040000000000000036,2.400000000000091,SELL,AM,SESSION,2026-05-11,2026-05-11 10:10:00,10,2066.0
3.5380116442532765,0.0017360214152371328,0.02189422422831395,0.9750857608491634,21.70428322865287,21.277618831467255,-0.000694335967254008,47.813476307821304,-0.010126317490917705,0.008321023706288684,0.000245398773006135,-0.0002452783909737552,-0.0034229828850855745,-0.009621926329089406,1.3351064353325162,0.4239669483384603,0.5370248012287422,20,0,-0.0009813542688910696,0.0015210991167811134,0.35483870967740044,-0.6457769876516409,1.4510429371107916,130,1,10.839999999999954,11.200000000000045,SELL,AM,SESSION,2026-05-12,2026-05-12 09:20:00,20,2038.0
2.8149037591000527,0.001382565697003955,0.013052843909461341,0.7464552585109419,27.38504421034058,24.940121598629116,0.00018322731828202118,44.667126581540835,-0.008366096940736999,0.007237385358784778,-0.0009813542688910696,-0.0012263919548687761,-0.0017161068889433686,-0.004400977995110024,0.396115490055658,0.5328778986318033,-0.7105038648424045,60,0,-0.0009823182711198428,0.0009823182711198428,0.0,-0.48836175767809437,11.664410578262697,90,0,-5.182355638650015,4.5,BUY,AM,SL,2026-05-12,2026-05-12 10:00:00,10,2036.0
2.537057623355495,0.001246160235451395,0.009161267854625251,1.062057758313453,51.5923018047071,88.7827779886754,0.0004493001231199013,34.55048729786954,-0.0027270316225545296,0.004943563807057851,0.0028570021181223496,0.0033017938103686406,0.00379646977615622,-0.00014733326785185862,1.9999257622909974,0.35474164706190514,0.039415738562394075,35,1,0.0028979812367994945,0.002947099562846898,0.01666666666665151,0.2872187315443296,51.157407407406716,55,1,5.602942376644514,9.099999999999909,BUY,PM,TRAIL,2026-05-12,2026-05-12 13:35:00,2,2035.9
3.2237518571958965,0.0015835307285567818,0.009164109180994248,0.7841244191458306,52.598973668268,69.17342456183361,0.000540099797270269,23.505245060545455,-0.00039191701115641936,0.0010979106752990783,-9.823182711200661e-05,-9.823182711200661e-05,0.00177147918511953,0.0023140170351041533,1.043865708907441,0.4342766013069776,-0.031019757236182458,20,0,-9.824147755184472e-05,0.0005894488653109566,0.3333333333333965,0.34735182340736825,77.28937728937707,130,1,1.1806203570102207,10.200000000000045,BUY,AM,TRAIL,2026-05-14,2026-05-14 09:20:00,2,2035.8
3.2374311850843793,0.0015912662497342734,0.014140152787062224,0.8332322718080287,39.6789227216913,42.042237598657394,9.152147327285695e-05,19.540020475575893,-0.00476177358741277,0.004324895915561217,-0.0007367387033398821,0.0002458210422812193,-0.002206964198136341,-0.0071250793031086375,0.5000759530057751,0.5868850614505247,-0.2779981870028949,60,0,-0.0004915212582944212,0.0008847382649300477,0.2222222222222503,-0.338106424026685,22.763207093638243,90,1,0.2400000000000455,7.5,SELL,AM,SESSION,2026-05-18,2026-05-18 10:00:00,16,2034.5
3.4878321091939988,0.0017217060465959122,0.01084528245329665,0.8071534067542686,44.77500766328394,51.76784523251664,5.401061160632735e-05,25.877626535707005,-0.0024665690757754793,0.0024958167809802064,-0.00044407164355853896,-9.871668311946964e-05,0.001532604933999065,-0.004765413903217905,0.5693894544062684,0.6594354108780369,-0.0573422096415826,40,0,-0.00019745285813016632,0.0007898114325205531,0.4374999999999911,-0.26043744030098237,50.14586280056528,110,1,22.839999999999954,17.299999999999955,SELL,AM,SESSION,2026-05-20,2026-05-20 09:40:00,20,2025.8
3.050293678450522,0.0015070620940961076,0.008755403131899342,0.7429664408056037,42.17519187591524,44.367854182165864,4.4392500693118095e-05,25.888476559080484,-0.002742950768938607,0.002539119037730075,0.00019766752322597893,-9.880446596188394e-05,-0.0008885378615855241,0.002277904328018178,0.8964841111717029,0.6884582998797217,-0.36062101422277176,65,0,0.0005434782608695202,0.0010375494071146918,0.42857142857144404,-0.23394643496425177,59.980853017603074,85,0,-5.5354405176758155,2.2000000000000455,BUY,AM,SL,2026-05-20,2026-05-20 10:05:00,7,2024.0
2.789662875994014,0.0013804061932772597,0.003400706086860148,0.9429330318155802,36.67006372837001,14.23627290862617,4.833651831359488e-05,22.74542153976032,-0.003584588840855747,0.0022459175857805443,-0.0017289073305670815,-0.0019754061928984146,-0.0011861809914495446,-0.0028617950362658283,1.2853850618276133,0.6810858818641596,0.28677300289014246,100,0,-0.0017813845316442718,0.0030679400267207904,0.0,-0.9341286471312635,33.184858619642426,50,1,17.94000000000009,12.400000000000091,SELL,AM,SESSION,2026-05-20,2026-05-20 10:40:00,8,2020.9
3.9189401305705593,0.001931749460526721,0.019096375819949118,0.8089429952365939,60.03188984606974,40.08213197651473,0.0005370609633776223,32.87148124129949,0.003446007983706484,-0.003315590476932184,9.859502095146437e-05,-0.0007388434636981578,-0.004074619538537042,0.007949520544542158,1.0366247127553603,0.6634446848825359,1.0462012338532432,35,0,9.85853009316535e-05,0.0005422191551239262,0.7272727272727461,0.38966544156575234,61.87290969899646,115,1,0.040000000000000036,3.2999999999999545,SELL,AM,BE,2026-05-21,2026-05-21 09:35:00,5,2028.7
3.3357271856591124,0.0016438631902518787,0.01593996333851207,0.7159323080835427,59.91263347158667,75.06656726894886,-7.71976835334304e-05,28.25920168408818,0.0032202931300014436,-0.0024569234133140876,0.0007891102781614404,0.0015300330684567083,0.0002464632523290777,0.005151575193184115,0.9060133995648048,0.5995694158078507,-0.4796555326462533,60,0,0.0008377685787502688,0.0011334516065444286,0.173913043478205,0.26706594479909385,48.72483377504974,90,1,2.940000000000091,10.100000000000136,SELL,AM,SESSION,2026-05-21,2026-05-21 10:00:00,16,2029.2
4.063753354145101,0.0020041196203309667,0.01052829890954849,0.9201952307670188,67.73947853190711,88.31518075212094,0.00011443930668020192,32.964303172396285,0.006067214866466026,-0.0033043513581553887,0.0034641460879893107,0.003662822353115919,0.003513807779867434,0.005653920547537614,1.8131421090180113,0.6644104020845648,0.2706857193677587,70,0,0.0034521872071805494,0.0037974059278986266,0.038961038961032826,0.8889917165619691,71.23140279463927,80,1,0.040000000000000036,3.900000000000091,SELL,AM,BE,2026-05-25,2026-05-25 10:10:00,4,2027.7
3.435491302211491,0.0016965389146723412,0.00592720056396177,0.7381109691371294,60.90475547144219,52.220248163747165,1.734217895472925e-05,36.45037958867355,0.003868924716444994,-0.003527365690243406,-0.00029620853080564234,0.0001975698903487558,-0.001331557922769663,0.001483679525222552,0.4383373069660611,0.6694821199283494,0.26197126431975437,95,0,-0.0002962962962962514,0.0007407407407407407,0.20000000000012128,0.5056479995279588,72.43751433157449,55,0,-6.113236953317219,1.2999999999999545,BUY,AM,SL,2026-05-25,2026-05-25 10:35:00,8,2025.0
2.750425595262597,0.0013556908493999394,0.008311841949834213,0.844536513391366,52.70651523880615,23.745534584137644,-9.112638200998763e-05,24.438389031658108,0.0013013745733348324,-0.0018690170072215126,-0.0004926593753079121,-0.00014784879996055124,-0.0015256656331513049,0.0007892659826361035,0.3303972747067176,0.6908021810416175,0.2545060666995476,40,0,-0.0004436119873817483,0.0006900630914826947,0.35714285714283395,0.07592948950068319,53.428050645129595,110,1,1.9639360118433524,9.799999999999955,SELL,AM,SL,2026-05-27,2026-05-27 09:40:00,9,2028.8
3.912897442192915,0.0019616470858740236,0.01784391612501101,0.9818159576635701,28.838805356325594,16.50173529746787,-0.0010642449145668146,34.71342534608412,-0.008921925862862452,0.005976734092872592,-0.0007013676669504852,-0.00020049120344838034,-0.006920242955292176,-0.011986725444549033,0.5861468946559363,0.6644692426548202,0.6389127333219649,20,0,-0.0007018599288112817,0.0010026570411590715,0.15000000000009095,-0.832413543261732,9.737827715355738,130,1,12.04,10.099999999999909,BUY,AM,SESSION,2026-05-29,2026-05-29 09:20:00,24,1994.7
4.015588917006545,0.002040234181997025,0.01894595961135978,1.057725991918965,33.10763194393689,18.97670846072964,-0.0012977439590343488,38.13178150962588,-0.006032213933131328,0.0030590462056092017,-0.001116524563540421,-0.0008629879689324561,-0.0058591776947165925,-0.012146155390483861,0.6424452566016409,0.6723795826224124,0.24902947504533374,15,0,-0.0011177725840870061,0.0016258510313992712,0.15624999999999778,-0.7585333759752128,15.250544662309126,135,1,0.040000000000000036,6.2999999999999545,BUY,AM,BE,2026-06-04,2026-06-04 09:15:00,12,1968.2
2.5550126492467804,0.0012978830891226152,0.0033770957881012645,0.663969470397913,35.54250615411617,9.711985410826474,-4.877905696313788e-05,34.76317193891633,-0.003645395180444716,0.0030187678538058068,-0.00015236934328822282,-0.0002539231120816617,-0.001673512855621574,-0.002280675079823628,0.5360491543866492,0.6653587411793076,-0.0782774989621982,95,0,-0.00015239256324300616,0.0005587727318907531,0.7272727272725957,-0.7151240044031382,10.79031074137427,55,1,2.340000000000182,5.300000000000182,BUY,AM,SESSION,2026-06-04,2026-06-04 10:35:00,9,1968.6
